week,sentiment
1977-12-26/1978-01-01,0.7003
1978-01-02/1978-01-08,0.22992857142857143
1978-01-09/1978-01-15,0.330625
1978-01-16/1978-01-22,-0.2892
1978-01-23/1978-01-29,0.335025
1978-01-30/1978-02-05,0.04231111111111109
1978-02-06/1978-02-12,0.31384
1978-02-13/1978-02-19,0.361075
1978-02-20/1978-02-26,0.47754285714285716
1978-02-27/1978-03-05,0.56646
1978-03-06/1978-03-12,0.2227333333333333
1978-03-13/1978-03-19,0.2688888888888889
1978-03-20/1978-03-26,0.08475999999999999
1978-03-27/1978-04-02,0.15711666666666665
1978-04-03/1978-04-09,0.24755555555555553
1978-04-10/1978-04-16,0.40153333333333335
1978-04-17/1978-04-23,0.31699999999999995
1978-04-24/1978-04-30,-0.07030000000000003
1978-05-01/1978-05-07,0.44669
1978-05-08/1978-05-14,0.23745
1978-05-15/1978-05-21,0.015739999999999976
1978-05-22/1978-05-28,0.32358000000000003
1978-05-29/1978-06-04,0.12328333333333331
1978-06-05/1978-06-11,0.38221666666666665
1978-06-12/1978-06-18,0.1931
1978-06-19/1978-06-25,0.23534444444444447
1978-06-26/1978-07-02,0.1568
1978-07-03/1978-07-09,0.704075
1978-07-10/1978-07-16,0.38061999999999996
1978-07-17/1978-07-23,0.14167142857142856
1978-07-24/1978-07-30,0.1809230769230769
1978-07-31/1978-08-06,0.13935499999999998
1978-08-07/1978-08-13,0.33769
1978-11-06/1978-11-12,-0.10573333333333335
1978-11-13/1978-11-19,0.32697499999999996
1978-11-20/1978-11-26,0.32568
1978-11-27/1978-12-03,0.4588
1978-12-04/1978-12-10,0.3026142857142857
1978-12-11/1978-12-17,0.4685375
1978-12-18/1978-12-24,0.128125
1978-12-25/1978-12-31,0.08172857142857141
1979-01-01/1979-01-07,0.32398
1979-01-08/1979-01-14,0.33779999999999993
1979-01-15/1979-01-21,0.033071428571428564
1979-01-22/1979-01-28,0.15712857142857142
1979-01-29/1979-02-04,0.5206714285714286
1979-02-05/1979-02-11,0.08998888888888887
1979-02-12/1979-02-18,0.35461666666666664
1979-02-19/1979-02-25,0.3572888888888889
1979-02-26/1979-03-04,-0.3022666666666667
1979-03-05/1979-03-11,0.1180090909090909
1979-03-12/1979-03-18,0.4588
1979-03-19/1979-03-25,0.24445714285714285
1979-03-26/1979-04-01,0.4520333333333333
1979-04-02/1979-04-08,0.00689999999999998
1979-04-09/1979-04-15,0.308875
1979-04-16/1979-04-22,0.2659285714285714
1979-04-23/1979-04-29,0.35241
1979-04-30/1979-05-06,0.16413333333333333
1979-05-07/1979-05-13,0.17034
1979-05-14/1979-05-20,0.29683333333333334
1979-05-21/1979-05-27,0.45178
1979-05-28/1979-06-03,0.21949999999999997
1979-06-04/1979-06-10,0.325225
1979-06-11/1979-06-17,0.3147333333333333
1979-06-18/1979-06-24,0.14269999999999997
1979-06-25/1979-07-01,0.017166666666666646
1979-07-02/1979-07-08,0.25645714285714283
1979-07-09/1979-07-15,0.4697
1979-07-16/1979-07-22,0.2672083333333333
1979-07-23/1979-07-29,0.287875
1979-07-30/1979-08-05,0.2315222222222222
1979-08-06/1979-08-12,0.22606363636363636
1979-08-13/1979-08-19,0.3304833333333333
1979-08-20/1979-08-26,-0.07962500000000003
1979-08-27/1979-09-02,0.33575
1979-09-03/1979-09-09,0.563825
1979-09-10/1979-09-16,0.027059999999999994
1979-09-17/1979-09-23,0.26363
1979-09-24/1979-09-30,0.13015
1979-10-01/1979-10-07,0.08626666666666664
1979-10-08/1979-10-14,0.3368111111111111
1979-10-15/1979-10-21,0.05174285714285714
1979-10-22/1979-10-28,0.334775
1979-10-29/1979-11-04,0.4732
1979-11-05/1979-11-11,0.3894166666666667
1979-11-12/1979-11-18,0.29912222222222223
1979-11-19/1979-11-25,0.17556666666666665
1979-11-26/1979-12-02,0.01728571428571427
1979-12-03/1979-12-09,0.21838888888888888
1979-12-10/1979-12-16,0.35095454545454546
1979-12-17/1979-12-23,0.15399999999999997
1979-12-24/1979-12-30,0.57955
1979-12-31/1980-01-06,-0.05386000000000002
1980-01-07/1980-01-13,0.25131666666666663
1980-01-14/1980-01-20,0.5310285714285714
1980-01-21/1980-01-27,-0.10246666666666666
1980-01-28/1980-02-03,0.37961
1980-02-04/1980-02-10,0.01656
1980-02-11/1980-02-17,0.16992
1980-02-18/1980-02-24,0.32766
1980-02-25/1980-03-02,0.4808428571428571
1980-03-03/1980-03-09,0.31267142857142854
1980-03-10/1980-03-16,0.03646666666666665
1980-03-17/1980-03-23,0.2622
1980-03-24/1980-03-30,0.49465714285714285
1980-03-31/1980-04-06,0.29294
1980-04-07/1980-04-13,0.21651666666666666
1980-04-14/1980-04-20,0.5109714285714285
1980-04-21/1980-04-27,0.07145555555555555
1980-04-28/1980-05-04,0.412275
1980-05-05/1980-05-11,0.44711999999999996
1980-05-12/1980-05-18,0.2153
1980-05-19/1980-05-25,0.06771999999999997
1980-05-26/1980-06-01,0.10177499999999998
1980-06-02/1980-06-08,0.17393333333333336
1980-06-09/1980-06-15,0.34670909090909086
1980-06-16/1980-06-22,0.25203333333333333
1980-06-23/1980-06-29,-0.05862500000000001
1980-06-30/1980-07-06,0.3099777777777778
1980-07-07/1980-07-13,0.21991999999999998
1980-07-14/1980-07-20,0.27945714285714285
1980-07-21/1980-07-27,0.09004999999999999
1980-07-28/1980-08-03,0.10123749999999998
1980-08-04/1980-08-10,0.10617999999999998
1980-08-11/1980-08-17,0.22223749999999998
1980-08-18/1980-08-24,0.47365714285714283
1980-08-25/1980-08-31,0.33140000000000003
1980-09-01/1980-09-07,0.25179999999999997
1980-09-08/1980-09-14,0.08452
1980-09-15/1980-09-21,0.23067777777777776
1980-09-22/1980-09-28,0.41701666666666665
1980-09-29/1980-10-05,0.22516666666666665
1980-10-06/1980-10-12,0.1928
1980-10-13/1980-10-19,0.5528142857142857
1980-10-20/1980-10-26,-0.011416666666666686
1980-10-27/1980-11-02,0.19229999999999997
1980-11-03/1980-11-09,0.4280333333333333
1980-11-10/1980-11-16,0.32437499999999997
1980-11-17/1980-11-23,0.2778142857142857
1980-11-24/1980-11-30,0.011699999999999988
1980-12-01/1980-12-07,0.12537142857142855
1980-12-08/1980-12-14,0.2103
1980-12-15/1980-12-21,0.1931
1980-12-22/1980-12-28,0.2981375
1980-12-29/1981-01-04,0.491
1981-01-05/1981-01-11,0.07635999999999998
1981-01-12/1981-01-18,0.3185857142857143
1981-01-19/1981-01-25,0.5194571428571428
1981-01-26/1981-02-01,0.07239999999999998
1981-02-02/1981-02-08,0.3537777777777778
1981-02-09/1981-02-15,0.17647499999999997
1981-02-16/1981-02-22,0.23626666666666665
1981-02-23/1981-03-01,0.1861
1981-03-02/1981-03-08,0.2665
1981-03-09/1981-03-15,0.30332
1981-03-16/1981-03-22,0.0005749999999999922
1981-03-23/1981-03-29,0.16749999999999998
1981-03-30/1981-04-05,0.3895125
1981-04-06/1981-04-12,0.4245666666666667
1981-04-13/1981-04-19,0.09652499999999997
1981-04-20/1981-04-26,0.06583333333333331
1981-04-27/1981-05-03,0.31264
1981-05-04/1981-05-10,-0.31385
1981-05-11/1981-05-17,0.2972125
1981-05-18/1981-05-24,0.3546625
1981-05-25/1981-05-31,0.2995857142857143
1981-06-01/1981-06-07,0.4338875
1981-06-08/1981-06-14,0.15187
1981-06-15/1981-06-21,0.305375
1981-06-22/1981-06-28,0.18491666666666665
1981-06-29/1981-07-05,0.3577666666666666
1981-07-06/1981-07-12,0.28703
1981-07-13/1981-07-19,0.015739999999999976
1981-07-20/1981-07-26,0.4291333333333333
1981-07-27/1981-08-02,0.10711999999999999
1981-08-03/1981-08-09,0.282575
1981-08-10/1981-08-16,0.19834999999999997
1981-08-17/1981-08-23,0.15448
1981-08-24/1981-08-30,0.26868
1981-08-31/1981-09-06,0.4928333333333333
1981-09-07/1981-09-13,0.2686125
1981-09-14/1981-09-20,0.25565
1981-09-21/1981-09-27,-0.035683333333333345
1981-09-28/1981-10-04,0.25432499999999997
1981-10-05/1981-10-11,0.34295
1981-10-12/1981-10-18,0.19885555555555554
1981-10-19/1981-10-25,0.61284
1981-10-26/1981-11-01,0.0738142857142857
1981-11-02/1981-11-08,0.3361
1981-11-09/1981-11-15,0.4567777777777777
1981-11-16/1981-11-22,0.15633999999999998
1981-11-23/1981-11-29,-0.13898333333333335
1981-11-30/1981-12-06,0.4010333333333333
1981-12-07/1981-12-13,0.027349999999999985
1981-12-14/1981-12-20,0.10241111111111109
1981-12-21/1981-12-27,0.18813333333333335
1981-12-28/1982-01-03,0.6880375
1982-01-04/1982-01-10,0.25
1982-01-11/1982-01-17,0.07022499999999998
1982-01-18/1982-01-24,-0.5574
1982-01-25/1982-01-31,0.49274999999999997
1982-02-01/1982-02-07,0.57955
1982-02-08/1982-02-14,0.49274999999999997
1982-02-15/1982-02-21,0.5000333333333333
1982-02-22/1982-02-28,-0.3856
1982-03-01/1982-03-07,0.049624999999999975
1982-03-08/1982-03-14,0.5609
1982-03-15/1982-03-21,0.3058666666666667
1982-03-29/1982-04-04,0.25
1982-04-05/1982-04-11,0.05046666666666666
1982-04-19/1982-04-25,0.12869999999999995
1982-04-26/1982-05-02,0.48760000000000003
1982-05-03/1982-05-09,0.4588
1982-05-10/1982-05-16,-0.5784
1982-05-17/1982-05-23,0.3167666666666667
1982-05-24/1982-05-30,0.6046999999999999
1982-05-31/1982-06-06,0.03803333333333333
1982-06-07/1982-06-13,0.3863666666666667
1982-06-14/1982-06-20,0.67765
1982-06-28/1982-07-04,-0.07030000000000003
1982-07-05/1982-07-11,0.21122499999999997
1982-07-12/1982-07-18,0.22383333333333333
1982-07-19/1982-07-25,0.1356
1982-07-26/1982-08-01,0.7003
1982-08-02/1982-08-08,0.38434999999999997
1982-08-09/1982-08-15,0.14269999999999997
1982-08-16/1982-08-22,0.4215
1982-08-30/1982-09-05,0.050449999999999995
1982-09-13/1982-09-19,0.5609
1982-09-20/1982-09-26,0.3058666666666667
1982-09-27/1982-10-03,0.08969999999999997
1982-10-04/1982-10-10,0.202425
1982-10-11/1982-10-17,0.13026666666666664
1982-10-25/1982-10-31,0.4291333333333333
1982-11-01/1982-11-07,0.3595333333333333
1982-11-08/1982-11-14,-0.06795000000000001
1982-11-15/1982-11-21,0.49274999999999997
1982-11-22/1982-11-28,0.57955
1982-11-29/1982-12-05,0.0936333333333333
1982-12-06/1982-12-12,0.17373333333333332
1982-12-13/1982-12-19,0.49274999999999997
1982-12-20/1982-12-26,0.0
1982-12-27/1983-01-02,0.050449999999999995
1983-01-03/1983-01-09,0.04763333333333334
1983-01-10/1983-01-16,-0.07030000000000003
1983-01-17/1983-01-23,0.3544
1983-01-24/1983-01-30,0.5922666666666666
1983-01-31/1983-02-06,0.4588
1983-02-07/1983-02-13,-0.2787
1983-02-14/1983-02-20,0.5000333333333333
1983-02-21/1983-02-27,0.5619333333333333
1983-02-28/1983-03-06,0.022149999999999975
1983-03-14/1983-03-20,-0.2787
1983-03-21/1983-03-27,0.47515
1983-03-28/1983-04-03,0.47409999999999997
1983-04-04/1983-04-10,0.7644500000000001
1983-04-11/1983-04-17,0.21898
1983-04-18/1983-04-24,0.21075
1983-05-02/1983-05-08,0.0
1983-05-09/1983-05-15,0.12006666666666665
1983-05-16/1983-05-22,0.6134999999999999
1983-05-23/1983-05-29,0.21689999999999998
1983-05-30/1983-06-05,0.25
1983-06-06/1983-06-12,0.4588
1983-06-13/1983-06-19,0.10702499999999998
1983-06-20/1983-06-26,0.30983333333333335
1983-06-27/1983-07-03,0.4215
1983-07-04/1983-07-10,0.38835
1983-07-11/1983-07-17,0.21075
1983-07-18/1983-07-24,0.4588
1983-07-25/1983-07-31,0.16618
1983-08-01/1983-08-07,-0.5574
1983-08-08/1983-08-14,0.8286
1983-08-15/1983-08-21,0.33575
1983-08-22/1983-08-28,-0.024233333333333367
1983-08-29/1983-09-04,0.2919
1983-09-05/1983-09-11,0.4588
1983-09-12/1983-09-18,-0.5574
1983-09-19/1983-09-25,0.303675
1983-09-26/1983-10-02,0.5609
1983-10-03/1983-10-09,-0.17470000000000002
1983-10-10/1983-10-16,0.49274999999999997
1983-10-17/1983-10-23,0.4215
1983-10-24/1983-10-30,-0.04930000000000001
1983-10-31/1983-11-06,-0.1858
1983-11-07/1983-11-13,0.03646666666666665
1983-11-14/1983-11-20,0.4588
1983-11-21/1983-11-27,0.62505
1983-11-28/1983-12-04,0.11937999999999997
1983-12-05/1983-12-11,0.44015
1983-12-12/1983-12-18,0.4143
1983-12-19/1983-12-25,0.4697
1984-01-02/1984-01-08,0.03803333333333333
1984-01-09/1984-01-15,0.5619333333333333
1984-01-16/1984-01-22,0.172
1984-01-30/1984-02-05,0.49274999999999997
1984-02-06/1984-02-12,-0.2787
1984-02-13/1984-02-19,0.1597333333333333
1984-02-20/1984-02-26,0.57955
1984-02-27/1984-03-04,0.33575
1984-03-05/1984-03-11,0.20981999999999998
1984-03-12/1984-03-18,0.4588
1984-03-26/1984-04-01,0.24333333333333332
1984-04-02/1984-04-08,0.305375
1984-04-09/1984-04-15,-0.04686666666666669
1984-04-16/1984-04-22,0.4215
1984-04-23/1984-04-29,0.49274999999999997
1984-04-30/1984-05-06,0.29435
1984-05-07/1984-05-13,0.57955
1984-05-14/1984-05-20,-0.5574
1984-05-21/1984-05-27,0.23626666666666665
1984-05-28/1984-06-03,0.8286
1984-06-04/1984-06-10,0.4588
1984-06-11/1984-06-17,0.36612
1984-06-18/1984-06-24,-0.5574
1984-06-25/1984-07-01,0.6134999999999999
1984-07-02/1984-07-08,0.2294
1984-07-09/1984-07-15,-0.5784
1984-07-16/1984-07-22,0.41183333333333333
1984-07-30/1984-08-05,0.4167
1984-08-06/1984-08-12,0.212925
1984-08-20/1984-08-26,0.11626666666666663
1984-08-27/1984-09-02,0.6436999999999999
1984-09-03/1984-09-09,0.212925
1984-09-10/1984-09-16,0.4143
1984-09-17/1984-09-23,0.49274999999999997
1984-09-24/1984-09-30,-0.08895000000000003
1984-10-01/1984-10-07,0.18897499999999998
1984-10-15/1984-10-21,0.45726666666666665
1984-10-22/1984-10-28,-0.04930000000000001
1984-10-29/1984-11-04,0.4588
1984-11-05/1984-11-11,0.5922666666666666
1984-11-12/1984-11-18,-0.5574
1984-11-19/1984-11-25,0.050449999999999995
1984-11-26/1984-12-02,0.037849999999999995
1984-12-03/1984-12-09,0.6436999999999999
1984-12-17/1984-12-23,-0.04686666666666669
1984-12-24/1984-12-30,0.5495
1984-12-31/1985-01-06,0.35747999999999996
1985-01-07/1985-01-13,-0.03635000000000005
1985-01-14/1985-01-20,0.7003
1985-01-21/1985-01-27,0.10763333333333332
1985-02-04/1985-02-10,0.21689999999999998
1985-02-11/1985-02-17,0.7003
1985-02-18/1985-02-24,0.423575
1985-02-25/1985-03-03,0.04763333333333334
1985-03-04/1985-03-10,0.4588
1985-03-11/1985-03-17,0.251475
1985-03-18/1985-03-24,-0.04530000000000001
1985-04-01/1985-04-07,0.4588
1985-04-08/1985-04-14,0.03646666666666665
1985-04-15/1985-04-21,0.8286
1985-04-22/1985-04-28,-0.032866666666666676
1985-04-29/1985-05-05,0.46975999999999996
1985-05-06/1985-05-12,0.4588
1985-05-13/1985-05-19,-0.01535000000000003
1985-05-20/1985-05-26,0.21689999999999998
1985-05-27/1985-06-02,0.3196
1985-06-03/1985-06-09,0.8286
1985-06-10/1985-06-16,0.12869999999999995
1985-06-17/1985-06-23,-0.5574
1985-06-24/1985-06-30,0.39515
1985-07-01/1985-07-07,0.6134999999999999
1985-07-08/1985-07-14,0.4588
1985-07-15/1985-07-21,-0.1537
1985-07-22/1985-07-28,0.162675
1985-07-29/1985-08-04,0.44015
1985-08-12/1985-08-18,0.07145000000000001
1985-08-19/1985-08-25,-0.024233333333333367
1985-08-26/1985-09-01,0.568225
1985-09-02/1985-09-08,-0.5784
1985-09-09/1985-09-15,0.4697
1985-09-16/1985-09-22,0.62505
1985-09-23/1985-09-29,0.0
1985-09-30/1985-10-06,0.4588
1985-10-07/1985-10-13,-0.21003333333333338
1985-10-21/1985-10-27,0.5594250000000001
1985-10-28/1985-11-03,0.2934333333333333
1985-11-04/1985-11-10,0.7003
1985-11-11/1985-11-17,0.4143
1985-11-18/1985-11-24,-0.01535000000000003
1985-11-25/1985-12-01,0.13272499999999998
1985-12-02/1985-12-08,0.49274999999999997
1985-12-09/1985-12-15,-0.5574
1985-12-16/1985-12-22,-0.5994
1985-12-23/1985-12-29,0.44008
1985-12-30/1986-01-05,0.25
1986-01-06/1986-01-12,-0.04930000000000001
1986-01-13/1986-01-19,0.8286
1986-01-20/1986-01-26,0.39515
1986-01-27/1986-02-02,0.044324999999999976
1986-02-03/1986-02-09,0.5609
1986-02-10/1986-02-16,0.67765
1986-02-17/1986-02-23,-0.05980000000000002
1986-02-24/1986-03-02,-0.5994
1986-03-03/1986-03-09,0.35015
1986-03-17/1986-03-23,0.33564
1986-03-24/1986-03-30,0.4588
1986-03-31/1986-04-06,0.5000333333333333
1986-04-07/1986-04-13,0.2294
1986-04-14/1986-04-20,0.27159999999999995
1986-04-21/1986-04-27,-0.1537
1986-04-28/1986-05-04,0.8286
1986-05-05/1986-05-11,0.57955
1986-05-12/1986-05-18,0.3544
1986-05-19/1986-05-25,-0.5994
1986-05-26/1986-06-01,0.09769999999999998
1986-06-02/1986-06-08,0.568225
1986-06-09/1986-06-15,0.07145000000000001
1986-06-23/1986-06-29,-0.17470000000000002
1986-06-30/1986-07-06,0.5351
1986-07-07/1986-07-13,0.4215
1986-07-14/1986-07-20,-0.032866666666666676
1986-07-21/1986-07-27,0.4588
1986-07-28/1986-08-03,0.232375
1986-08-04/1986-08-10,0.6134999999999999
1986-08-11/1986-08-17,0.3767666666666667
1986-08-25/1986-08-31,-0.2326666666666667
1986-09-01/1986-09-07,0.30998000000000003
1986-09-08/1986-09-14,0.11459999999999998
1986-09-15/1986-09-21,0.23626666666666665
1986-09-29/1986-10-05,0.6436999999999999
1986-10-06/1986-10-12,-0.5574
1986-10-13/1986-10-19,0.7003
1986-10-20/1986-10-26,0.125
1986-10-27/1986-11-02,0.15141666666666664
1986-11-03/1986-11-09,0.5267
1986-11-10/1986-11-16,0.05046666666666666
1986-11-17/1986-11-23,0.4143
1986-11-24/1986-11-30,0.4588
1986-12-01/1986-12-07,0.25
1986-12-08/1986-12-14,0.30998000000000003
1986-12-15/1986-12-21,0.2294
1986-12-22/1986-12-28,0.11459999999999998
1986-12-29/1987-01-04,0.8286
1987-01-05/1987-01-11,0.4215
1987-01-12/1987-01-18,0.27568000000000004
1987-01-19/1987-01-25,-0.04686666666666669
1987-02-02/1987-02-08,-0.12132500000000002
1987-02-09/1987-02-15,0.4814333333333333
1987-02-16/1987-02-22,0.35015
1987-02-23/1987-03-01,0.8286
1987-03-09/1987-03-15,0.5000333333333333
1987-03-16/1987-03-22,-0.04282500000000003
1987-03-23/1987-03-29,0.0
1987-03-30/1987-04-05,0.07145000000000001
1987-04-06/1987-04-12,0.17413333333333333
1987-04-20/1987-04-26,0.25889999999999996
1987-04-27/1987-05-03,0.5820666666666666
1987-05-04/1987-05-10,-0.2997
1987-05-11/1987-05-17,0.2821
1987-05-18/1987-05-24,0.5696333333333333
1987-05-25/1987-05-31,0.25
1987-06-01/1987-06-07,0.12006666666666665
1987-06-08/1987-06-14,0.0
1987-06-15/1987-06-21,0.67765
1987-06-22/1987-06-28,0.45726666666666665
1987-06-29/1987-07-05,-0.07962500000000003
1987-07-06/1987-07-12,0.3544
1987-07-13/1987-07-19,-0.01535000000000003
1987-07-20/1987-07-26,0.4143
1987-07-27/1987-08-02,0.7644500000000001
1987-08-03/1987-08-09,0.3767666666666667
1987-08-10/1987-08-16,0.49274999999999997
1987-08-17/1987-08-23,0.07145000000000001
1987-08-24/1987-08-30,-0.2997
1987-08-31/1987-09-06,0.5393
1987-09-07/1987-09-13,0.7003
1987-09-14/1987-09-20,-0.04930000000000001
1987-09-21/1987-09-27,0.31606666666666666
1987-09-28/1987-10-04,0.07022499999999998
1987-10-05/1987-10-11,0.8286
1987-10-12/1987-10-18,0.20056666666666667
1987-10-19/1987-10-25,0.3544
1987-10-26/1987-11-01,0.5267
1987-11-02/1987-11-08,0.1876
1987-11-09/1987-11-15,-0.04930000000000001
1987-11-23/1987-11-29,0.5267
1987-11-30/1987-12-06,0.409
1987-12-07/1987-12-13,-0.17470000000000002
1987-12-14/1987-12-20,-0.04930000000000001
1987-12-21/1987-12-27,0.44015
1987-12-28/1988-01-03,0.7053333333333334
1988-01-04/1988-01-10,0.25889999999999996
1988-01-11/1988-01-17,-0.5784
1988-01-18/1988-01-24,0.44015
1988-01-25/1988-01-31,0.7003
1988-02-08/1988-02-14,0.22383333333333333
1988-02-22/1988-02-28,0.16618
1988-02-29/1988-03-06,0.23468571428571425
1988-03-07/1988-03-13,0.0
1988-03-14/1988-03-20,0.4215
1988-03-21/1988-03-27,0.47515
1988-03-28/1988-04-03,0.4588
1988-04-04/1988-04-10,0.05046666666666666
1988-04-11/1988-04-17,0.26335
1988-04-18/1988-04-24,0.18656666666666666
1988-04-25/1988-05-01,0.2293333333333333
1988-05-09/1988-05-15,-0.5574
1988-05-16/1988-05-22,0.2294
1988-05-23/1988-05-29,0.5495
1988-05-30/1988-06-05,0.3544
1988-06-06/1988-06-12,0.30983333333333335
1988-06-13/1988-06-19,0.143225
1988-06-20/1988-06-26,0.5267
1988-06-27/1988-07-03,0.409
1988-07-04/1988-07-10,0.05046666666666666
1988-07-11/1988-07-17,0.6436999999999999
1988-07-25/1988-07-31,-0.05930000000000002
1988-08-01/1988-08-07,0.8286
1988-08-08/1988-08-14,0.25889999999999996
1988-08-15/1988-08-21,0.195425
1988-08-22/1988-08-28,0.050449999999999995
1988-09-05/1988-09-11,-0.03635000000000005
1988-09-12/1988-09-18,0.7003
1988-09-19/1988-09-25,0.31782
1988-09-26/1988-10-02,-0.0954
1988-10-03/1988-10-09,0.57955
1988-10-10/1988-10-16,0.162675
1988-10-17/1988-10-23,0.38835
1988-10-24/1988-10-30,0.4588
1988-10-31/1988-11-06,0.29955
1988-11-07/1988-11-13,0.12006666666666665
1988-11-14/1988-11-20,0.7003
1988-11-21/1988-11-27,0.11459999999999998
1988-11-28/1988-12-04,0.47409999999999997
1988-12-05/1988-12-11,0.8286
1988-12-12/1988-12-18,0.20056666666666667
1988-12-19/1988-12-25,0.0
1988-12-26/1989-01-01,0.007339999999999969
1989-01-02/1989-01-08,0.4588
1989-01-09/1989-01-15,0.25
1989-01-16/1989-01-22,0.357575
1989-01-23/1989-01-29,0.21075
1989-02-06/1989-02-12,0.2558
1989-02-13/1989-02-19,-0.5994
1989-02-20/1989-02-26,0.401325
1989-02-27/1989-03-05,0.4588
1989-03-06/1989-03-12,-0.5574
1989-03-13/1989-03-19,0.024033333333333313
1989-03-20/1989-03-26,0.50288
1989-03-27/1989-04-02,0.4588
1989-04-03/1989-04-09,0.3143666666666666
1989-04-10/1989-04-16,0.3863666666666667
1989-04-17/1989-04-23,-0.5574
1989-05-01/1989-05-07,-0.5994
1989-05-08/1989-05-14,0.26335
1989-05-15/1989-05-21,0.4697
1989-05-22/1989-05-28,0.5696333333333333
1989-05-29/1989-06-04,0.05046666666666666
1989-06-05/1989-06-11,-0.5574
1989-06-12/1989-06-18,0.7003
1989-06-19/1989-06-25,0.2727
1989-07-03/1989-07-09,0.21239999999999998
1989-07-10/1989-07-16,0.47515
1989-07-17/1989-07-23,-0.04686666666666669
1989-07-24/1989-07-30,0.8286
1989-07-31/1989-08-06,0.03363333333333333
1989-08-07/1989-08-13,0.6436999999999999
1989-08-14/1989-08-20,0.44015
1989-08-21/1989-08-27,-0.1537
1989-08-28/1989-09-03,0.4916333333333333
1989-09-04/1989-09-10,0.6436999999999999
1989-09-11/1989-09-17,-0.11646666666666668
1989-09-18/1989-09-24,0.7003
1989-09-25/1989-10-01,-0.04930000000000001
1989-10-02/1989-10-08,0.0
1989-10-09/1989-10-15,-0.06795000000000001
1989-10-16/1989-10-22,0.6046999999999999
1989-10-23/1989-10-29,0.4697
1989-10-30/1989-11-05,0.032649999999999985
1989-11-06/1989-11-12,0.25
1989-11-20/1989-11-26,0.32849999999999996
1989-11-27/1989-12-03,0.34825
1989-12-04/1989-12-10,-0.08895000000000003
1989-12-11/1989-12-17,0.40447500000000003
1989-12-18/1989-12-24,0.5267
1989-12-25/1989-12-31,0.25
1990-01-01/1990-01-07,0.57955
1990-01-08/1990-01-14,-0.07030000000000003
1990-01-22/1990-01-28,0.4442
1990-01-29/1990-02-04,0.26197499999999996
1990-02-05/1990-02-11,0.18656666666666666
1990-02-12/1990-02-18,0.44015
1990-02-19/1990-02-25,0.125
1990-03-05/1990-03-11,0.5820666666666666
1990-03-12/1990-03-18,0.25
1990-03-19/1990-03-25,-0.5994
1990-03-26/1990-04-01,0.18989999999999999
1990-04-02/1990-04-08,0.5929666666666668
1990-04-16/1990-04-22,0.44015
1990-04-23/1990-04-29,-0.5994
1990-04-30/1990-05-06,0.496925
1990-05-07/1990-05-13,-0.10246666666666666
1990-05-14/1990-05-20,-0.08895000000000003
1990-05-21/1990-05-27,0.49274999999999997
1990-05-28/1990-06-03,-0.5994
1990-06-04/1990-06-10,0.4588
1990-06-11/1990-06-17,0.4588
1990-06-18/1990-06-24,0.1674
1990-06-25/1990-07-01,0.5000333333333333
1990-07-02/1990-07-08,0.242875
1990-07-09/1990-07-15,0.49274999999999997
1990-07-16/1990-07-22,0.33575
1990-07-30/1990-08-05,0.3058666666666667
1990-08-06/1990-08-12,-0.07030000000000003
1990-08-13/1990-08-19,0.4215
1990-08-20/1990-08-26,0.2299
1990-08-27/1990-09-02,0.7644500000000001
1990-09-03/1990-09-09,0.3544
1990-09-10/1990-09-16,0.16992
1990-09-24/1990-09-30,0.8286
1990-10-01/1990-10-07,-0.07030000000000003
1990-10-08/1990-10-14,0.5066999999999999
1990-10-15/1990-10-21,0.57955
1990-10-22/1990-10-28,-0.3856
1990-10-29/1990-11-04,-0.5574
1990-11-12/1990-11-18,-0.03635000000000005
1990-11-19/1990-11-25,0.39177999999999996
1990-11-26/1990-12-02,0.57955
1990-12-03/1990-12-09,0.2293333333333333
1990-12-10/1990-12-16,0.7003
1990-12-17/1990-12-23,0.47409999999999997
1990-12-24/1990-12-30,-0.04930000000000001
1990-12-31/1991-01-06,0.037849999999999995
1991-01-07/1991-01-13,0.5495
1991-01-14/1991-01-20,0.03646666666666665
1991-01-28/1991-02-03,-0.5574
1991-02-04/1991-02-10,0.0
1991-02-11/1991-02-17,0.5501
1991-02-18/1991-02-24,0.4814333333333333
1991-02-25/1991-03-03,-0.5784
1991-03-04/1991-03-10,0.7003
1991-03-11/1991-03-17,0.3058666666666667
1991-03-18/1991-03-24,0.5267
1991-03-25/1991-03-31,0.1597333333333333
1991-04-01/1991-04-07,0.44636666666666663
1991-04-08/1991-04-14,0.272775
1991-04-22/1991-04-28,0.07639999999999998
1991-04-29/1991-05-05,0.38835
1991-05-06/1991-05-12,0.7003
1991-05-13/1991-05-19,-0.5994
1991-05-20/1991-05-26,0.17194999999999996
1991-05-27/1991-06-02,0.8286
1991-06-03/1991-06-09,0.51322
1991-06-10/1991-06-16,0.1356
1991-06-17/1991-06-23,-0.5994
1991-06-24/1991-06-30,0.125
1991-07-01/1991-07-07,0.150425
1991-07-08/1991-07-14,0.4588
1991-07-15/1991-07-21,0.67765
1991-07-22/1991-07-28,-0.17470000000000002
1991-07-29/1991-08-04,0.4215
1991-08-05/1991-08-11,0.6436999999999999
1991-08-19/1991-08-25,0.09833999999999998
1991-08-26/1991-09-01,0.22383333333333333
1991-09-02/1991-09-08,-0.05980000000000002
1991-09-09/1991-09-15,0.125
1991-09-23/1991-09-29,0.67765
1991-09-30/1991-10-06,0.57955
1991-10-07/1991-10-13,0.0
1991-10-14/1991-10-20,-0.11200000000000002
1991-10-21/1991-10-27,0.5267
1991-10-28/1991-11-03,0.018024999999999985
1991-11-04/1991-11-10,0.4215
1991-11-11/1991-11-17,0.8286
1991-11-18/1991-11-24,0.20056666666666667
1991-11-25/1991-12-01,0.49274999999999997
1991-12-02/1991-12-08,-0.5574
1991-12-09/1991-12-15,0.526825
1991-12-16/1991-12-22,0.1597333333333333
1991-12-23/1991-12-29,0.2294
1992-01-06/1992-01-12,0.33775
1992-01-13/1992-01-19,0.41183333333333333
1992-01-20/1992-01-26,-0.032866666666666676
1992-02-03/1992-02-09,0.62505
1992-02-10/1992-02-16,0.14269999999999997
1992-02-17/1992-02-23,0.027349999999999985
1992-02-24/1992-03-01,0.7003
1992-03-02/1992-03-08,0.4215
1992-03-09/1992-03-15,0.1825
1992-03-23/1992-03-29,0.059099999999999965
1992-03-30/1992-04-05,0.08475999999999999
1992-04-06/1992-04-12,0.8286
1992-04-13/1992-04-19,0.4923333333333333
1992-04-20/1992-04-26,0.3058666666666667
1992-05-04/1992-05-10,-0.5574
1992-05-11/1992-05-17,0.44015
1992-05-18/1992-05-24,0.2293333333333333
1992-05-25/1992-05-31,0.25889999999999996
1992-06-01/1992-06-07,0.5871999999999999
1992-06-08/1992-06-14,-0.5574
1992-06-15/1992-06-21,0.3058666666666667
1992-06-22/1992-06-28,0.1597333333333333
1992-06-29/1992-07-05,0.7003
1992-07-06/1992-07-12,0.2294
1992-07-13/1992-07-19,-0.5994
1992-07-27/1992-08-02,0.32136666666666663
1992-08-03/1992-08-09,0.67765
1992-08-17/1992-08-23,0.35015
1992-08-24/1992-08-30,0.002159999999999984
1992-08-31/1992-09-06,0.21075
1992-09-07/1992-09-13,0.5267
1992-09-14/1992-09-20,0.3767666666666667
1992-09-21/1992-09-27,0.0005749999999999922
1992-09-28/1992-10-04,0.11459999999999998
1992-10-05/1992-10-11,0.7003
1992-10-12/1992-10-18,0.12006666666666665
1992-10-19/1992-10-25,0.375025
1992-10-26/1992-11-01,0.5267
1992-11-02/1992-11-08,0.1306
1992-11-09/1992-11-15,0.49274999999999997
1992-11-16/1992-11-22,0.25
1992-11-23/1992-11-29,0.4588
1992-11-30/1992-12-06,-0.323175
1992-12-07/1992-12-13,0.3544
1992-12-14/1992-12-20,0.8286
1992-12-28/1993-01-03,0.22568000000000002
1993-01-04/1993-01-10,0.4291333333333333
1993-01-11/1993-01-17,0.4588
1993-01-18/1993-01-24,-0.17470000000000002
1993-01-25/1993-01-31,0.5495
1993-02-01/1993-02-07,0.2519666666666666
1993-02-08/1993-02-14,0.21075
1993-02-15/1993-02-21,0.05046666666666666
1993-02-22/1993-02-28,0.57955
1993-03-01/1993-03-07,0.5609
1993-03-08/1993-03-14,0.8286
1993-03-15/1993-03-21,0.4588
1993-03-22/1993-03-28,-0.2787
1993-03-29/1993-04-04,-0.17470000000000002
1993-04-05/1993-04-11,0.67765
1993-04-12/1993-04-18,0.11696666666666666
1993-04-19/1993-04-25,0.2294
1993-04-26/1993-05-02,-0.2326666666666667
1993-05-03/1993-05-09,-0.1537
1993-05-10/1993-05-16,0.6046999999999999
1993-05-17/1993-05-23,0.0
1993-05-24/1993-05-30,0.5268666666666667
1993-05-31/1993-06-06,0.25
1993-06-07/1993-06-13,-0.21003333333333338
1993-06-14/1993-06-20,0.48760000000000003
1993-06-21/1993-06-27,0.4588
1993-06-28/1993-07-04,0.49274999999999997
1993-07-05/1993-07-11,0.30983333333333335
1993-07-12/1993-07-18,0.3544
1993-07-19/1993-07-25,-0.04930000000000001
1993-07-26/1993-08-01,0.21075
1993-08-02/1993-08-08,0.2519666666666666
1993-08-09/1993-08-15,0.5609
1993-08-16/1993-08-22,0.05046666666666666
1993-08-23/1993-08-29,0.0
1993-08-30/1993-09-05,0.4588
1993-09-06/1993-09-12,0.6852
1993-09-13/1993-09-19,-0.5994
1993-09-20/1993-09-26,0.11457999999999999
1993-09-27/1993-10-03,0.24333333333333332
1993-10-04/1993-10-10,-0.024233333333333367
1993-10-11/1993-10-17,0.46697500000000003
1993-10-25/1993-10-31,0.4215
1993-11-15/1993-11-21,0.25
1993-11-22/1993-11-28,-0.07030000000000003
1993-12-06/1993-12-12,0.5267
1993-12-13/1993-12-19,0.6436999999999999
1993-12-20/1993-12-26,0.21075
1993-12-27/1994-01-02,0.05045999999999999
1994-01-03/1994-01-09,-0.09706000000000001
1994-01-17/1994-01-23,0.57955
1994-01-24/1994-01-30,0.6046999999999999
1994-01-31/1994-02-06,0.33575
1994-02-07/1994-02-13,-0.04930000000000001
1994-02-14/1994-02-20,0.6134999999999999
1994-02-21/1994-02-27,0.172
1994-02-28/1994-03-06,-0.2451
1994-03-07/1994-03-13,0.4588
1994-03-14/1994-03-20,0.67765
1994-03-21/1994-03-27,0.2294
1994-03-28/1994-04-03,0.4697
1994-04-04/1994-04-10,0.47409999999999997
1994-04-11/1994-04-17,0.4588
1994-04-25/1994-05-01,0.26996000000000003
1994-05-02/1994-05-08,0.15841666666666665
1994-05-09/1994-05-15,0.0
1994-05-23/1994-05-29,0.3544
1994-06-06/1994-06-12,0.2294
1994-06-13/1994-06-19,0.38835
1994-06-20/1994-06-26,-0.10940000000000001
1994-06-27/1994-07-03,0.4893166666666667
1994-07-11/1994-07-17,-0.06795000000000001
1994-07-18/1994-07-24,0.4588
1994-07-25/1994-07-31,0.202425
1994-08-01/1994-08-07,-0.2326666666666667
1994-08-08/1994-08-14,0.6046999999999999
1994-08-15/1994-08-21,0.4215
1994-08-22/1994-08-28,0.3167666666666667
1994-09-05/1994-09-11,-0.2997
1994-09-12/1994-09-18,0.6436999999999999
1994-09-19/1994-09-25,0.41183333333333333
1994-09-26/1994-10-02,0.09833999999999998
1994-10-03/1994-10-09,0.1356
1994-10-10/1994-10-16,0.3767666666666667
1994-10-24/1994-10-30,0.7003
1994-10-31/1994-11-06,0.2294
1994-11-07/1994-11-13,0.5393
1994-11-14/1994-11-20,-0.2451
1994-11-21/1994-11-27,0.3863666666666667
1994-11-28/1994-12-04,0.5267
1994-12-05/1994-12-11,0.1597333333333333
1995-01-02/1995-01-08,0.032649999999999985
1995-01-09/1995-01-15,0.3739333333333333
1995-01-16/1995-01-22,0.25
1995-01-23/1995-01-29,0.5267
1995-01-30/1995-02-05,0.27305
1995-02-13/1995-02-19,0.10763333333333332
1995-02-20/1995-02-26,0.5267
1995-02-27/1995-03-05,0.3544
1995-03-06/1995-03-12,-0.04930000000000001
1995-03-13/1995-03-19,0.303675
1995-03-20/1995-03-26,0.4215
1995-03-27/1995-04-02,0.07639999999999998
1995-04-03/1995-04-09,0.4697
1995-04-10/1995-04-16,0.21075
1995-04-17/1995-04-23,-0.01535000000000003
1995-04-24/1995-04-30,0.4588
1995-05-01/1995-05-07,0.6436999999999999
1995-05-08/1995-05-14,0.25712857142857143
1995-05-15/1995-05-21,-0.5994
1995-05-29/1995-06-04,0.8286
1995-06-05/1995-06-11,-0.07030000000000003
1995-06-12/1995-06-18,0.2583166666666667
1995-06-26/1995-07-02,0.3544
1995-07-03/1995-07-09,0.6134999999999999
1995-07-10/1995-07-16,0.07639999999999998
1995-07-17/1995-07-23,0.05046666666666666
1995-07-24/1995-07-30,0.4215
1995-07-31/1995-08-06,0.0936333333333333
1995-08-07/1995-08-13,0.8286
1995-08-14/1995-08-20,0.07145000000000001
1995-08-21/1995-08-27,0.308875
1995-08-28/1995-09-03,0.050449999999999995
1995-09-04/1995-09-10,-0.04930000000000001
1995-09-11/1995-09-17,0.22383333333333333
1995-09-18/1995-09-24,0.6436999999999999
1995-09-25/1995-10-01,0.5267
1995-10-02/1995-10-08,0.47409999999999997
1995-10-09/1995-10-15,0.16618
1995-10-16/1995-10-22,0.4588
1995-10-23/1995-10-29,0.125
1995-10-30/1995-11-05,0.03363333333333333
1995-11-06/1995-11-12,0.22172499999999998
1995-11-13/1995-11-19,0.33575
1995-11-20/1995-11-26,0.8286
1995-11-27/1995-12-03,0.25
1995-12-04/1995-12-10,0.4588
1995-12-11/1995-12-17,-0.01535000000000003
1995-12-18/1995-12-24,0.7003
1995-12-25/1995-12-31,0.42722499999999997
1996-01-01/1996-01-07,-0.5994
1996-01-08/1996-01-14,0.2558
1996-01-22/1996-01-28,0.1876
1996-01-29/1996-02-04,0.5267
1996-02-05/1996-02-11,0.33911428571428576
1996-02-12/1996-02-18,0.33575
1996-02-19/1996-02-25,-0.5574
1996-03-04/1996-03-10,0.143225
1996-03-18/1996-03-24,0.050449999999999995
1996-03-25/1996-03-31,0.45352499999999996
1996-04-01/1996-04-07,-0.024233333333333367
1996-04-08/1996-04-14,0.07145000000000001
1996-04-15/1996-04-21,0.4588
1996-04-22/1996-04-28,0.5000333333333333
1996-04-29/1996-05-05,0.6436999999999999
1996-05-06/1996-05-12,0.13096666666666668
1996-05-13/1996-05-19,0.47409999999999997
1996-05-20/1996-05-26,-0.07030000000000003
1996-05-27/1996-06-02,0.26335
1996-06-03/1996-06-09,0.18813333333333335
1996-06-10/1996-06-16,0.07954999999999998
1996-06-24/1996-06-30,0.5393
1996-07-01/1996-07-07,-0.07030000000000003
1996-07-15/1996-07-21,0.5609
1996-07-22/1996-07-28,0.45352499999999996
1996-07-29/1996-08-04,0.18561999999999998
1996-08-05/1996-08-11,0.6501333333333333
1996-08-12/1996-08-18,-0.5574
1996-08-26/1996-09-01,0.03363333333333333
1996-09-02/1996-09-08,0.0
1996-09-09/1996-09-15,0.287875
1996-09-16/1996-09-22,-0.03635000000000005
1996-09-23/1996-09-29,0.3544
1996-09-30/1996-10-06,0.1894833333333333
1996-10-07/1996-10-13,0.050449999999999995
1996-10-21/1996-10-27,0.4215
1996-10-28/1996-11-03,0.5393
1996-11-04/1996-11-10,0.5267
1996-11-11/1996-11-17,0.21689999999999998
1996-11-18/1996-11-24,0.7003
1996-11-25/1996-12-01,0.2821
1996-12-02/1996-12-08,-0.07030000000000003
1996-12-09/1996-12-15,-0.032866666666666676
1996-12-16/1996-12-22,0.8286
1996-12-23/1996-12-29,0.33575
1996-12-30/1997-01-05,0.4588
1997-01-06/1997-01-12,0.232375
1997-01-13/1997-01-19,0.03803333333333333
1997-01-27/1997-02-02,0.35231666666666667
1997-02-10/1997-02-16,-0.08895000000000003
1997-02-17/1997-02-23,0.38434999999999997
1997-02-24/1997-03-02,0.4215
1997-03-03/1997-03-09,0.2519666666666666
1997-03-10/1997-03-16,0.4588
1997-03-17/1997-03-23,0.25
1997-03-31/1997-04-06,0.19305
1997-04-14/1997-04-20,-0.5994
1997-04-21/1997-04-27,0.3863666666666667
1997-04-28/1997-05-04,0.7003
1997-05-05/1997-05-11,0.13699999999999998
1997-05-12/1997-05-18,0.0
1997-05-19/1997-05-25,0.8286
1997-06-02/1997-06-08,-0.07030000000000003
1997-06-09/1997-06-15,-0.5574
1997-06-16/1997-06-22,0.3544
1997-06-23/1997-06-29,0.5139
1997-06-30/1997-07-06,0.33575
1997-07-07/1997-07-13,0.2294
1997-07-14/1997-07-20,0.7003
1997-07-21/1997-07-27,0.49274999999999997
1997-07-28/1997-08-03,0.22762857142857143
1997-08-04/1997-08-10,-0.5574
1997-08-18/1997-08-24,0.254625
1997-08-25/1997-08-31,0.26335
1997-09-01/1997-09-07,0.5696333333333333
1997-09-08/1997-09-14,0.015739999999999976
1997-09-15/1997-09-21,0.7003
1997-09-22/1997-09-28,0.0
1997-09-29/1997-10-05,0.7003
1997-10-06/1997-10-12,-0.04930000000000001
1997-10-13/1997-10-19,0.059099999999999965
1997-10-20/1997-10-26,0.44015
1997-10-27/1997-11-02,0.45176666666666665
1997-11-03/1997-11-09,0.050449999999999995
1997-11-10/1997-11-16,0.2309
1997-11-17/1997-11-23,0.125
1997-11-24/1997-11-30,0.4588
1997-12-01/1997-12-07,0.11041999999999999
1997-12-08/1997-12-14,0.7003
1997-12-15/1997-12-21,0.25889999999999996
1997-12-22/1997-12-28,0.4588
1997-12-29/1998-01-04,0.4588
1998-01-05/1998-01-11,0.4143
1998-01-12/1998-01-18,0.46900000000000003
1998-01-19/1998-01-25,0.11696666666666666
1998-01-26/1998-02-01,-0.04930000000000001
1998-02-02/1998-02-08,0.14269999999999997
1998-02-09/1998-02-15,0.33575
1998-02-16/1998-02-22,0.232375
1998-03-02/1998-03-08,0.41212499999999996
1998-03-09/1998-03-15,0.3544
1998-03-16/1998-03-22,0.11459999999999998
1998-03-23/1998-03-29,-0.04930000000000001
1998-03-30/1998-04-05,0.032649999999999985
1998-04-06/1998-04-12,0.7003
1998-04-13/1998-04-19,0.46900000000000003
1998-04-20/1998-04-26,0.125
1998-04-27/1998-05-03,0.25
1998-05-04/1998-05-10,0.5495
1998-05-18/1998-05-24,0.172
1998-05-25/1998-05-31,-0.04930000000000001
1998-06-01/1998-06-07,0.57955
1998-06-08/1998-06-14,-0.5994
1998-06-15/1998-06-21,0.4588
1998-06-22/1998-06-28,0.16019999999999998
1998-06-29/1998-07-05,0.6274166666666666
1998-07-20/1998-07-26,0.23626666666666665
1998-07-27/1998-08-02,-0.2451
1998-08-10/1998-08-16,0.3055857142857143
1998-08-24/1998-08-30,0.5267
1998-08-31/1998-09-06,0.2453
1998-09-07/1998-09-13,0.0904
1998-09-14/1998-09-20,0.49274999999999997
1998-09-21/1998-09-27,0.25
1998-09-28/1998-10-04,0.0
1998-10-05/1998-10-11,0.8286
1998-10-12/1998-10-18,0.10763333333333332
1998-10-19/1998-10-25,0.5267
1998-10-26/1998-11-01,0.202425
1998-11-02/1998-11-08,0.14269999999999997
1998-11-09/1998-11-15,0.39515
1998-11-16/1998-11-22,0.25
1998-11-23/1998-11-29,-0.5994
1998-11-30/1998-12-06,0.35259999999999997
1998-12-07/1998-12-13,0.12006666666666665
1998-12-14/1998-12-20,0.33575
1998-12-21/1998-12-27,0.35015
1998-12-28/1999-01-03,0.6134999999999999
1999-01-11/1999-01-17,0.25
1999-01-18/1999-01-24,0.20189999999999997
1999-01-25/1999-01-31,0.1825
1999-02-01/1999-02-07,0.20189999999999997
1999-02-15/1999-02-21,0.1825
1999-02-22/1999-02-28,0.47515
1999-03-01/1999-03-07,0.38835
1999-03-08/1999-03-14,0.21689999999999998
1999-03-15/1999-03-21,0.4588
1999-03-22/1999-03-28,0.07145000000000001
1999-03-29/1999-04-04,0.4814333333333333
1999-04-05/1999-04-11,-0.5574
1999-04-12/1999-04-18,0.34295
1999-04-19/1999-04-25,0.2293333333333333
1999-05-03/1999-05-09,-0.07030000000000003
1999-05-10/1999-05-16,0.33575
1999-05-17/1999-05-23,0.6134999999999999
1999-05-24/1999-05-30,-0.032866666666666676
1999-05-31/1999-06-06,-0.2326666666666667
1999-06-07/1999-06-13,0.0
1999-06-14/1999-06-20,0.57955
1999-06-21/1999-06-27,0.38835
1999-06-28/1999-07-04,0.6929
1999-07-05/1999-07-11,-0.5994
1999-07-12/1999-07-18,-0.10246666666666666
1999-07-19/1999-07-25,0.51322
1999-07-26/1999-08-01,0.8286
1999-08-02/1999-08-08,0.12869999999999995
1999-08-09/1999-08-15,0.25
1999-08-16/1999-08-22,0.21075
1999-08-23/1999-08-29,0.20056666666666667
1999-08-30/1999-09-05,0.2294
1999-09-06/1999-09-12,0.57955
1999-09-13/1999-09-19,0.62505
1999-09-20/1999-09-26,-0.5784
1999-09-27/1999-10-03,0.48395
1999-10-04/1999-10-10,0.024033333333333313
1999-10-11/1999-10-17,-0.5574
1999-10-18/1999-10-24,0.6046999999999999
1999-10-25/1999-10-31,0.0
1999-11-01/1999-11-07,0.8286
1999-11-08/1999-11-14,0.13562
1999-11-15/1999-11-21,0.17413333333333333
1999-11-22/1999-11-28,0.4588
1999-12-06/1999-12-12,0.8286
1999-12-13/1999-12-19,0.5609
1999-12-20/1999-12-26,0.12721999999999997
1999-12-27/2000-01-02,-0.164
2000-01-03/2000-01-09,0.611625
2000-01-10/2000-01-16,-0.5994
2000-01-17/2000-01-23,0.47409999999999997
2000-01-24/2000-01-30,0.25
2000-01-31/2000-02-06,-0.04282500000000003
2000-02-07/2000-02-13,0.4143
2000-02-14/2000-02-20,0.3767666666666667
2000-02-21/2000-02-27,0.7003
2000-02-28/2000-03-05,0.12869999999999995
2000-03-06/2000-03-12,-0.032866666666666676
2000-03-13/2000-03-19,0.47515
2000-03-20/2000-03-26,0.8286
2000-03-27/2000-04-02,0.4215
2000-04-10/2000-04-16,-0.019550000000000012
2000-04-17/2000-04-23,0.42145
2000-04-24/2000-04-30,0.44015
2000-05-01/2000-05-07,0.5393
2000-05-08/2000-05-14,0.5393
2000-05-15/2000-05-21,-0.5574
2000-05-22/2000-05-28,0.08719999999999997
2000-05-29/2000-06-04,0.7644500000000001
2000-06-05/2000-06-11,0.4588
2000-06-12/2000-06-18,0.07022499999999998
2000-06-19/2000-06-25,-0.01535000000000003
2000-06-26/2000-07-02,0.23626666666666665
2000-07-03/2000-07-09,-0.03635000000000005
2000-07-10/2000-07-16,0.7003
2000-07-17/2000-07-23,0.17373333333333332
2000-07-24/2000-07-30,0.44015
2000-07-31/2000-08-06,0.2821
2000-08-07/2000-08-13,-0.2997
2000-08-14/2000-08-20,0.48972499999999997
2000-08-28/2000-09-03,-0.5574
2000-09-04/2000-09-10,0.25889999999999996
2000-09-11/2000-09-17,0.62505
2000-09-18/2000-09-24,-0.5994
2000-09-25/2000-10-01,0.3354142857142857
2000-10-02/2000-10-08,0.4697
2000-10-09/2000-10-15,-0.5994
2000-10-16/2000-10-22,0.4215
2000-10-30/2000-11-05,0.09833999999999998
2000-11-06/2000-11-12,0.4588
2000-11-13/2000-11-19,0.67765
2000-11-20/2000-11-26,0.2294
2000-11-27/2000-12-03,0.25
2000-12-04/2000-12-10,0.38835
2000-12-11/2000-12-17,-0.5574
2000-12-18/2000-12-24,0.43354
2000-12-25/2000-12-31,0.050449999999999995
2001-01-01/2001-01-07,0.619275
2001-01-08/2001-01-14,0.25
2001-01-15/2001-01-21,0.10606666666666664
2001-01-22/2001-01-28,-0.5574
2001-01-29/2001-02-04,0.34295
2001-02-05/2001-02-11,-0.5994
2001-02-12/2001-02-18,0.4291333333333333
2001-02-19/2001-02-25,0.49274999999999997
2001-02-26/2001-03-04,0.47515
2001-03-05/2001-03-11,-0.08895000000000003
2001-03-12/2001-03-18,0.1825
2001-03-19/2001-03-25,0.49274999999999997
2001-03-26/2001-04-01,0.7003
2001-04-02/2001-04-08,0.2294
2001-04-09/2001-04-15,0.4588
2001-04-16/2001-04-22,0.12399999999999997
2001-04-30/2001-05-06,0.38835
2001-05-14/2001-05-20,0.18813333333333335
2001-05-21/2001-05-27,0.11363999999999999
2001-05-28/2001-06-03,0.5267
2001-06-04/2001-06-10,0.25
2001-06-11/2001-06-17,0.48184000000000005
2001-06-18/2001-06-24,-0.5784
2001-06-25/2001-07-01,0.4588
2001-07-02/2001-07-08,0.11626666666666663
2001-07-09/2001-07-15,0.150425
2001-07-16/2001-07-22,0.5393
2001-07-30/2001-08-05,0.0
2001-08-06/2001-08-12,0.15902499999999997
2001-08-13/2001-08-19,-0.5574
2001-08-20/2001-08-26,0.44015
2001-08-27/2001-09-02,0.6625666666666666
2001-09-03/2001-09-09,0.6436999999999999
2001-09-10/2001-09-16,-0.05215000000000003
2001-09-17/2001-09-23,0.47515
2001-10-01/2001-10-07,0.16618
2001-10-08/2001-10-14,0.33575
2001-10-22/2001-10-28,0.2294
2001-10-29/2001-11-04,0.4588
2001-11-05/2001-11-11,0.1597333333333333
2001-11-12/2001-11-18,0.35015
2001-11-19/2001-11-25,0.4215
2001-11-26/2001-12-02,0.33102
2001-12-03/2001-12-09,-0.2787
2001-12-10/2001-12-16,0.0936333333333333
2001-12-17/2001-12-23,0.8286
2001-12-31/2002-01-06,0.246
2002-01-07/2002-01-13,0.26335
2002-01-14/2002-01-20,0.4215
2002-01-21/2002-01-27,0.4588
2002-01-28/2002-02-03,0.050449999999999995
2002-02-11/2002-02-17,0.25464000000000003
2002-02-18/2002-02-24,0.6436999999999999
2002-02-25/2002-03-03,0.27585
2002-03-04/2002-03-10,0.8286
2002-03-18/2002-03-24,0.4215
2002-03-25/2002-03-31,0.03646666666666665
2002-04-01/2002-04-07,0.07022499999999998
2002-04-15/2002-04-21,0.14269999999999997
2002-04-22/2002-04-28,0.5929666666666668
2002-04-29/2002-05-05,-0.5784
2002-05-06/2002-05-12,0.49274999999999997
2002-05-13/2002-05-19,0.48184000000000005
2002-05-27/2002-06-02,0.48395
2002-06-03/2002-06-09,-0.5994
2002-06-17/2002-06-23,0.44015
2002-06-24/2002-06-30,0.1303
2002-07-01/2002-07-07,0.4588
2002-07-08/2002-07-14,0.3544
2002-07-15/2002-07-21,0.5922666666666666
2002-07-22/2002-07-28,-0.5574
2002-07-29/2002-08-04,0.03363333333333333
2002-08-05/2002-08-11,0.16952499999999998
2002-08-12/2002-08-18,0.5696333333333333
2002-08-26/2002-09-01,0.26335
2002-09-02/2002-09-08,0.4215
2002-09-09/2002-09-15,0.25
2002-09-16/2002-09-22,0.032649999999999985
2002-09-23/2002-09-29,0.57955
2002-09-30/2002-10-06,0.44015
2002-10-14/2002-10-20,0.8286
2002-10-21/2002-10-27,0.5619333333333333
2002-10-28/2002-11-03,-0.2267
2002-11-04/2002-11-10,0.4588
2002-11-11/2002-11-17,0.5922666666666666
2002-11-18/2002-11-24,-0.2267
2002-11-25/2002-12-01,-0.04930000000000001
2002-12-02/2002-12-08,0.50985
2002-12-09/2002-12-15,0.45176666666666665
2002-12-16/2002-12-22,-0.17470000000000002
2002-12-30/2003-01-05,0.4215
2003-01-13/2003-01-19,0.03646666666666665
2003-01-20/2003-01-26,0.6286
2003-01-27/2003-02-02,-0.2787
2003-02-03/2003-02-09,0.4215
2003-02-10/2003-02-16,0.49274999999999997
2003-02-17/2003-02-23,0.12442
2003-02-24/2003-03-02,0.2294
2003-03-03/2003-03-09,-0.5574
2003-03-10/2003-03-16,0.125
2003-03-17/2003-03-23,0.20189999999999997
2003-03-24/2003-03-30,0.6625666666666666
2003-03-31/2003-04-06,0.5268666666666667
2003-04-07/2003-04-13,0.67765
2003-04-14/2003-04-20,-0.2997
2003-04-21/2003-04-27,0.3544
2003-04-28/2003-05-04,-0.06795000000000001
2003-05-05/2003-05-11,0.8286
2003-05-12/2003-05-18,0.150425
2003-05-26/2003-06-01,0.15902499999999997
2003-06-02/2003-06-08,0.6625666666666666
2003-06-09/2003-06-15,0.0
2003-06-16/2003-06-22,-0.03635000000000005
2003-06-23/2003-06-29,0.3544
2003-06-30/2003-07-06,0.57955
2003-07-07/2003-07-13,0.4215
2003-07-14/2003-07-20,0.8286
2003-07-21/2003-07-27,0.054824999999999985
2003-07-28/2003-08-03,-0.2466666666666667
2003-08-04/2003-08-10,-0.04530000000000001
2003-08-11/2003-08-17,0.41183333333333333
2003-08-18/2003-08-24,0.8286
2003-08-25/2003-08-31,0.57955
2003-09-01/2003-09-07,-0.06795000000000001
2003-09-08/2003-09-14,0.2293333333333333
2003-09-15/2003-09-21,0.125
2003-09-22/2003-09-28,0.4588
2003-09-29/2003-10-05,0.47722
2003-10-06/2003-10-12,0.25
2003-10-13/2003-10-19,0.29435
2003-10-27/2003-11-02,0.4588
2003-11-03/2003-11-09,0.7003
2003-11-10/2003-11-16,-0.03635000000000005
2003-11-17/2003-11-23,0.11457999999999999
2003-11-24/2003-11-30,0.6436999999999999
2003-12-01/2003-12-07,0.47515
2003-12-15/2003-12-21,0.1356
2003-12-22/2003-12-28,0.16151999999999997
2003-12-29/2004-01-04,0.4588
2004-01-05/2004-01-11,0.21727999999999997
2004-01-19/2004-01-25,0.8286
2004-01-26/2004-02-01,0.16952499999999998
2004-02-02/2004-02-08,0.8286
2004-02-09/2004-02-15,0.4215
2004-02-16/2004-02-22,-0.17450000000000002
2004-02-23/2004-02-29,0.7003
2004-03-01/2004-03-07,0.27168749999999997
2004-03-08/2004-03-14,0.7003
2004-03-15/2004-03-21,-0.5574
2004-03-22/2004-03-28,0.4588
2004-04-12/2004-04-18,0.44015
2004-04-19/2004-04-25,0.17975999999999998
2004-04-26/2004-05-02,0.23626666666666665
2004-05-03/2004-05-09,0.48760000000000003
2004-05-10/2004-05-16,0.03646666666666665
2004-05-17/2004-05-23,-0.01535000000000003
2004-05-24/2004-05-30,0.4588
2004-05-31/2004-06-06,0.13096666666666668
2004-06-07/2004-06-13,0.4215
2004-06-14/2004-06-20,-0.5994
2004-06-21/2004-06-27,0.4291333333333333
2004-06-28/2004-07-04,0.49274999999999997
2004-07-12/2004-07-18,0.19394285714285714
2004-07-19/2004-07-25,0.3544
2004-08-09/2004-08-15,0.4588
2004-08-16/2004-08-22,0.5495
2004-08-23/2004-08-29,0.196
2004-08-30/2004-09-05,-0.3022666666666667
2004-09-06/2004-09-12,0.5267
2004-09-13/2004-09-19,0.4588
2004-09-20/2004-09-26,0.42722499999999997
2004-09-27/2004-10-03,0.41772
2004-10-04/2004-10-10,-0.04930000000000001
2004-10-11/2004-10-17,0.059099999999999965
2004-10-18/2004-10-24,0.0
2004-10-25/2004-10-31,0.4215
2004-11-01/2004-11-07,0.8286
2004-11-08/2004-11-14,-0.04282500000000003
2004-11-22/2004-11-28,0.352275
2004-11-29/2004-12-05,0.44015
2004-12-13/2004-12-19,-0.2787
2004-12-20/2004-12-26,0.55288
2004-12-27/2005-01-02,-0.5994
2005-01-03/2005-01-09,0.57955
2005-01-10/2005-01-16,0.5267
2005-01-17/2005-01-23,0.5393
2005-01-24/2005-01-30,-0.055300000000000016
2005-01-31/2005-02-06,-0.2997
2005-02-07/2005-02-13,0.5066999999999999
2005-02-14/2005-02-20,0.57955
2005-02-21/2005-02-27,0.4588
2005-02-28/2005-03-06,0.18813333333333335
2005-03-07/2005-03-13,-0.2787
2005-03-14/2005-03-20,-0.07030000000000003
2005-03-21/2005-03-27,0.6436999999999999
2005-03-28/2005-04-03,0.308875
2005-04-04/2005-04-10,0.4588
2005-04-11/2005-04-17,0.25
2005-04-18/2005-04-24,0.34825
2005-04-25/2005-05-01,0.20919999999999997
2005-05-02/2005-05-08,0.5267
2005-05-09/2005-05-15,-0.08205000000000001
2005-05-16/2005-05-22,0.3544
2005-05-30/2005-06-05,0.19047999999999998
2005-06-06/2005-06-12,0.4143
2005-06-13/2005-06-19,0.22319999999999998
2005-06-20/2005-06-26,0.4588
2005-06-27/2005-07-03,0.4588
2005-07-04/2005-07-10,0.35015
2005-07-18/2005-07-24,0.29388
2005-07-25/2005-07-31,-0.07030000000000003
2005-08-01/2005-08-07,0.62505
2005-08-08/2005-08-14,0.037849999999999995
2005-08-15/2005-08-21,0.6134999999999999
2005-08-22/2005-08-28,-0.07030000000000003
2005-09-05/2005-09-11,0.018024999999999985
2005-09-12/2005-09-18,0.1356
2005-09-19/2005-09-25,0.4588
2005-09-26/2005-10-02,0.5619333333333333
2005-10-03/2005-10-09,0.4588
2005-10-10/2005-10-16,-0.2787
2005-10-17/2005-10-23,0.44015
2005-10-24/2005-10-30,0.5351
2005-10-31/2005-11-06,0.17413333333333333
2005-11-07/2005-11-13,0.2294
2005-11-21/2005-11-27,0.13096666666666668
2005-11-28/2005-12-04,0.07639999999999998
2005-12-12/2005-12-18,0.13272499999999998
2005-12-19/2005-12-25,0.314175
2005-12-26/2006-01-01,0.7003
2006-01-09/2006-01-15,0.4143
2006-01-16/2006-01-22,0.18656666666666666
2006-01-23/2006-01-29,0.3767666666666667
2006-01-30/2006-02-05,-0.01535000000000003
2006-02-06/2006-02-12,0.4814333333333333
2006-02-13/2006-02-19,0.17373333333333332
2006-02-20/2006-02-26,0.1306
2006-02-27/2006-03-05,0.5501
2006-03-06/2006-03-12,0.49274999999999997
2006-03-13/2006-03-19,0.4588
2006-03-20/2006-03-26,-0.5784
2006-03-27/2006-04-02,-0.2997
2006-04-03/2006-04-09,0.401325
2006-04-10/2006-04-16,-0.5574
2006-04-17/2006-04-23,0.50985
2006-05-15/2006-05-21,0.39515
2006-05-22/2006-05-28,0.03646666666666665
2006-05-29/2006-06-04,0.8286
2006-06-05/2006-06-11,-0.09706000000000001
2006-06-12/2006-06-18,0.7003
2006-06-19/2006-06-25,0.4588
2006-06-26/2006-07-02,0.6046999999999999
2006-07-03/2006-07-09,0.0936333333333333
2006-07-10/2006-07-16,0.23626666666666665
2006-07-17/2006-07-23,0.1356
2006-07-24/2006-07-30,0.7003
2006-07-31/2006-08-06,0.4215
2006-08-07/2006-08-13,-0.07030000000000003
2006-08-14/2006-08-20,0.4588
2006-08-21/2006-08-27,0.1356
2006-08-28/2006-09-03,0.36924999999999997
2006-09-04/2006-09-10,-0.17470000000000002
2006-09-11/2006-09-17,0.3431
2006-09-18/2006-09-24,0.7003
2006-09-25/2006-10-01,0.28099999999999997
2006-10-02/2006-10-08,0.20919999999999997
2006-10-16/2006-10-22,-0.032866666666666676
2006-10-23/2006-10-29,0.8286
2006-10-30/2006-11-05,0.2527333333333333
2006-11-06/2006-11-12,0.8286
2006-11-13/2006-11-19,0.25
2006-11-20/2006-11-26,0.3863666666666667
2006-11-27/2006-12-03,-0.19603333333333336
2006-12-11/2006-12-17,0.4215
2006-12-18/2006-12-24,0.2995857142857143
2007-01-01/2007-01-07,0.07145000000000001
2007-01-08/2007-01-14,0.12869999999999995
2007-01-15/2007-01-21,0.4143
2007-01-22/2007-01-28,0.3544
2007-01-29/2007-02-04,0.7003
2007-02-05/2007-02-11,0.5267
2007-02-12/2007-02-18,-0.2997
2007-02-19/2007-02-25,0.2803
2007-02-26/2007-03-04,0.33785
2007-03-05/2007-03-11,0.5267
2007-03-12/2007-03-18,-0.1537
2007-03-19/2007-03-25,0.35015
2007-04-02/2007-04-08,0.41281999999999996
2007-04-09/2007-04-15,-0.5574
2007-04-16/2007-04-22,0.5609
2007-04-23/2007-04-29,-0.5994
2007-04-30/2007-05-06,0.4588
2007-05-07/2007-05-13,0.4697
2007-05-14/2007-05-20,0.2519666666666666
2007-05-28/2007-06-03,-0.18382500000000002
2007-06-04/2007-06-10,0.4588
2007-06-11/2007-06-17,0.04763333333333334
2007-06-18/2007-06-24,0.47409999999999997
2007-06-25/2007-07-01,0.3544
2007-07-02/2007-07-08,0.4588
2007-07-09/2007-07-15,-0.01535000000000003
2007-07-16/2007-07-22,0.4167
2007-07-23/2007-07-29,0.11696666666666666
2007-07-30/2007-08-05,0.5351
2007-08-13/2007-08-19,0.2294
2007-08-20/2007-08-26,-0.5784
2007-08-27/2007-09-02,0.5268666666666667
2007-09-03/2007-09-09,0.1825
2007-09-10/2007-09-16,0.5267
2007-09-17/2007-09-23,0.2453
2007-09-24/2007-09-30,0.25
2007-10-01/2007-10-07,0.5267
2007-10-08/2007-10-14,0.0
2007-10-15/2007-10-21,0.7003
2007-10-22/2007-10-28,0.11041999999999999
2007-10-29/2007-11-04,0.38434999999999997
2007-11-05/2007-11-11,0.5609
2007-11-12/2007-11-18,0.25
2007-11-19/2007-11-25,0.12006666666666665
2007-11-26/2007-12-02,-0.21003333333333338
2007-12-10/2007-12-16,0.3544
2007-12-17/2007-12-23,0.07639999999999998
2007-12-24/2007-12-30,0.5268666666666667
2007-12-31/2008-01-06,0.251475
2008-01-07/2008-01-13,0.30998000000000003
2008-01-21/2008-01-27,0.0
2008-01-28/2008-02-03,0.2294
2008-02-04/2008-02-10,0.5929666666666668
2008-02-11/2008-02-17,0.21239999999999998
2008-02-18/2008-02-24,-0.07030000000000003
2008-03-03/2008-03-09,0.35015
2008-03-10/2008-03-16,-0.06795000000000001
2008-03-17/2008-03-23,0.15902499999999997
2008-03-24/2008-03-30,0.8286
2008-03-31/2008-04-06,0.4697
2008-04-07/2008-04-13,0.32849999999999996
2008-04-14/2008-04-20,0.62505
2008-04-28/2008-05-04,-0.08895000000000003
2008-05-05/2008-05-11,0.5267
2008-05-12/2008-05-18,-0.5574
2008-05-19/2008-05-25,0.3167666666666667
2008-05-26/2008-06-01,0.28669999999999995
2008-06-02/2008-06-08,0.150425
2008-06-09/2008-06-15,0.8286
2008-06-16/2008-06-22,0.5267
2008-06-23/2008-06-29,0.13272499999999998
2008-07-07/2008-07-13,0.3851
2008-07-14/2008-07-20,0.26335
2008-07-21/2008-07-27,0.25
2008-07-28/2008-08-03,-0.5994
2008-08-04/2008-08-10,0.49905
2008-08-11/2008-08-17,0.6134999999999999
2008-08-18/2008-08-24,-0.18382500000000002
2008-09-01/2008-09-07,0.5267
2008-09-08/2008-09-14,0.20056666666666667
2008-09-15/2008-09-21,0.03646666666666665
2008-09-22/2008-09-28,0.4167
2008-09-29/2008-10-05,0.7003
2008-10-13/2008-10-19,0.143225
2008-10-20/2008-10-26,0.45352499999999996
2008-10-27/2008-11-02,-0.5994
2008-11-10/2008-11-16,0.4588
2008-11-17/2008-11-23,0.251475
2008-11-24/2008-11-30,0.3863666666666667
2008-12-01/2008-12-07,0.28162857142857145
2008-12-08/2008-12-14,-0.17470000000000002
2008-12-15/2008-12-21,0.4588
2008-12-29/2009-01-04,0.8286
2009-01-05/2009-01-11,0.4588
2009-01-12/2009-01-18,0.38835
2009-01-19/2009-01-25,0.44015
2009-01-26/2009-02-01,-0.114125
2009-02-02/2009-02-08,0.26575714285714286
2009-02-23/2009-03-01,0.20919999999999997
2009-03-02/2009-03-08,0.22737999999999997
2009-03-16/2009-03-22,0.17413333333333333
2009-03-23/2009-03-29,0.8286
2009-03-30/2009-04-05,0.32849999999999996
2009-04-06/2009-04-12,0.5393
2009-04-13/2009-04-19,0.4588
2009-04-20/2009-04-26,0.0
2009-04-27/2009-05-03,0.017549999999999982
2009-05-11/2009-05-17,0.0005749999999999922
2009-05-18/2009-05-24,0.39177999999999996
2009-06-01/2009-06-07,0.8286
2009-06-08/2009-06-14,0.11457999999999999
2009-06-15/2009-06-21,0.49274999999999997
2009-06-22/2009-06-28,0.050449999999999995
2009-06-29/2009-07-05,0.26335
2009-07-06/2009-07-12,0.254625
2009-07-20/2009-07-26,0.1356
2009-07-27/2009-08-02,0.33575
2009-08-03/2009-08-09,-0.15216666666666667
2009-08-10/2009-08-16,0.49905
2009-08-24/2009-08-30,0.21075
2009-09-07/2009-09-13,0.361075
2009-09-14/2009-09-20,0.17393333333333336
2009-09-28/2009-10-04,0.47409999999999997
2009-10-05/2009-10-11,0.12442
2009-10-26/2009-11-01,0.3058666666666667
2009-11-02/2009-11-08,0.2294
2009-11-09/2009-11-15,0.5268666666666667
2009-11-16/2009-11-22,-0.03635000000000005
2009-11-23/2009-11-29,0.5393
2009-11-30/2009-12-06,0.4215
2009-12-07/2009-12-13,0.28606
2009-12-14/2009-12-20,0.4588
2009-12-21/2009-12-27,0.38835
2009-12-28/2010-01-03,-0.03635000000000005
2010-01-11/2010-01-17,0.2719
2010-01-18/2010-01-24,-0.032866666666666676
2010-01-25/2010-01-31,0.7003
2010-02-01/2010-02-07,-0.5574
2010-02-08/2010-02-14,-0.17470000000000002
2010-02-15/2010-02-21,0.40788
2010-02-22/2010-02-28,0.67765
2010-03-01/2010-03-07,0.245
2010-03-08/2010-03-14,-0.5994
2010-03-15/2010-03-21,0.21075
2010-03-29/2010-04-04,0.2821
2010-04-05/2010-04-11,0.44015
2010-04-12/2010-04-18,0.2519666666666666
2010-04-19/2010-04-25,0.23626666666666665
2010-05-03/2010-05-09,0.47409999999999997
2010-05-10/2010-05-16,0.25
2010-05-17/2010-05-23,0.172
2010-05-24/2010-05-30,0.20056666666666667
2010-05-31/2010-06-06,0.5267
2010-06-07/2010-06-13,-0.005300000000000016
2010-06-14/2010-06-20,0.2294
2010-06-21/2010-06-27,0.8286
2010-06-28/2010-07-04,0.2670666666666667
2010-07-12/2010-07-18,0.037849999999999995
2010-07-19/2010-07-25,0.4215
2010-07-26/2010-08-01,0.6046999999999999
2010-08-02/2010-08-08,0.0
2010-08-09/2010-08-15,0.33575
2010-08-16/2010-08-22,0.050449999999999995
2010-08-23/2010-08-29,0.314175
2010-08-30/2010-09-05,0.4588
2010-09-06/2010-09-12,0.57955
2010-09-13/2010-09-19,-0.2787
2010-09-20/2010-09-26,0.5066999999999999
2010-09-27/2010-10-03,-0.07030000000000003
2010-10-04/2010-10-10,0.1597333333333333
2010-10-11/2010-10-17,0.44015
2010-10-18/2010-10-24,0.2821
2010-10-25/2010-10-31,0.0
2010-11-01/2010-11-07,0.4215
2010-11-08/2010-11-14,-0.114125
2010-11-15/2010-11-21,0.25
2010-11-22/2010-11-28,0.6046999999999999
2010-11-29/2010-12-05,0.4588
2010-12-06/2010-12-12,0.37554
2010-12-20/2010-12-26,-0.032866666666666676
2010-12-27/2011-01-02,0.25
2011-01-03/2011-01-09,-0.12132500000000002
2011-01-10/2011-01-16,0.7644500000000001
2011-01-17/2011-01-23,0.4588
2011-01-24/2011-01-30,0.0
2011-01-31/2011-02-06,0.32849999999999996
2011-02-07/2011-02-13,0.4697
2011-02-14/2011-02-20,0.2293333333333333
2011-02-21/2011-02-27,0.47409999999999997
2011-02-28/2011-03-06,-0.06795000000000001
2011-03-07/2011-03-13,-0.5994
2011-03-14/2011-03-20,0.3595333333333333
2011-03-21/2011-03-27,0.53615
2011-03-28/2011-04-03,-0.5574
2011-04-04/2011-04-10,0.30157999999999996
2011-04-11/2011-04-17,0.4588
2011-04-18/2011-04-24,0.4143
2011-04-25/2011-05-01,-0.1537
2011-05-02/2011-05-08,0.3928833333333333
2011-05-09/2011-05-15,0.032649999999999985
2011-05-30/2011-06-05,0.3544
2011-06-06/2011-06-12,0.2294
2011-06-13/2011-06-19,0.6501333333333333
2011-06-20/2011-06-26,-0.21003333333333338
2011-07-04/2011-07-10,0.4143
2011-07-11/2011-07-17,0.44015
2011-07-18/2011-07-24,0.212925
2011-07-25/2011-07-31,-0.03635000000000005
2011-08-08/2011-08-14,0.232375
2011-08-15/2011-08-21,0.4588
2011-08-22/2011-08-28,0.13026666666666664
2011-08-29/2011-09-04,0.3544
2011-09-05/2011-09-11,0.5268666666666667
2011-09-12/2011-09-18,-0.5994
2011-09-19/2011-09-25,0.19947499999999999
2011-09-26/2011-10-02,0.3544
2011-10-10/2011-10-16,0.12442
2011-10-17/2011-10-23,0.4215
2011-10-24/2011-10-30,0.32849999999999996
2011-10-31/2011-11-06,0.07145000000000001
2011-11-07/2011-11-13,0.62505
2011-11-14/2011-11-20,-0.07030000000000003
2011-11-21/2011-11-27,0.25889999999999996
2011-11-28/2011-12-04,0.4588
2011-12-05/2011-12-11,0.23548
2011-12-12/2011-12-18,0.57955
2011-12-19/2011-12-25,-0.1537
2011-12-26/2012-01-01,0.4588
2012-01-02/2012-01-08,0.44008
2012-01-09/2012-01-15,-0.5994
2012-01-16/2012-01-22,0.14269999999999997
2012-01-30/2012-02-05,0.6436999999999999
2012-02-06/2012-02-12,0.4588
2012-02-20/2012-02-26,0.17413333333333333
2012-02-27/2012-03-04,0.11301666666666665
2012-03-19/2012-03-25,0.11041999999999999
2012-03-26/2012-04-01,0.4697
2012-04-02/2012-04-08,0.46645
2012-04-16/2012-04-22,0.0
2012-04-23/2012-04-29,-0.019550000000000012
2012-04-30/2012-05-06,0.40447500000000003
2012-05-07/2012-05-13,0.5267
2012-05-14/2012-05-20,-0.17470000000000002
2012-05-21/2012-05-27,0.7003
2012-05-28/2012-06-03,0.2309
2012-06-04/2012-06-10,0.202425
2012-06-11/2012-06-17,0.62505
2012-06-18/2012-06-24,0.26335
2012-06-25/2012-07-01,-0.04930000000000001
2012-07-02/2012-07-08,-0.2451
2012-07-09/2012-07-15,0.23626666666666665
2012-07-16/2012-07-22,0.4588
2012-07-23/2012-07-29,0.6852
2012-07-30/2012-08-05,0.12006666666666665
2012-08-06/2012-08-12,0.18897499999999998
2012-08-13/2012-08-19,0.4215
2012-08-27/2012-09-02,0.47515
2012-09-03/2012-09-09,0.44008
2012-09-10/2012-09-16,0.14269999999999997
2012-09-17/2012-09-23,0.4588
2012-10-01/2012-10-07,-0.2240333333333334
2012-10-08/2012-10-14,0.2294
2012-10-15/2012-10-21,0.6501333333333333
2012-10-22/2012-10-28,-0.04930000000000001
2012-10-29/2012-11-04,-0.5574
2012-11-05/2012-11-11,-0.5994
2012-11-12/2012-11-18,0.38835
2012-11-19/2012-11-25,0.5268666666666667
2012-11-26/2012-12-02,0.4291333333333333
2012-12-03/2012-12-09,0.2294
2012-12-10/2012-12-16,0.34825
2012-12-17/2012-12-23,0.49274999999999997
2012-12-24/2012-12-30,-0.5994
2012-12-31/2013-01-06,-0.10246666666666666
2013-01-07/2013-01-13,0.202425
2013-01-14/2013-01-20,0.4215
2013-01-28/2013-02-03,0.303675
2013-02-04/2013-02-10,-0.5574
2013-02-11/2013-02-17,0.6046999999999999
2013-02-18/2013-02-24,0.3544
2013-02-25/2013-03-03,0.3739333333333333
2013-03-04/2013-03-10,-0.08895000000000003
2013-03-11/2013-03-17,0.57955
2013-03-18/2013-03-24,0.6436999999999999
2013-03-25/2013-03-31,0.054824999999999985
2013-04-01/2013-04-07,0.4588
2013-04-08/2013-04-14,-0.03635000000000005
2013-04-15/2013-04-21,0.48972499999999997
2013-04-22/2013-04-28,0.07145000000000001
2013-04-29/2013-05-05,0.0
2013-05-06/2013-05-12,0.303675
2013-05-13/2013-05-19,0.23626666666666665
2013-05-20/2013-05-26,0.07145000000000001
2013-05-27/2013-06-02,0.5609
2013-06-10/2013-06-16,0.38835
2013-06-17/2013-06-23,0.287875
2013-06-24/2013-06-30,-0.04686666666666669
2013-07-01/2013-07-07,-0.04930000000000001
2013-07-15/2013-07-21,0.25889999999999996
2013-07-22/2013-07-28,0.36196
2013-07-29/2013-08-04,0.44015
2013-08-05/2013-08-11,0.5619333333333333
2013-08-12/2013-08-18,0.1356
2013-08-19/2013-08-25,0.25
2013-08-26/2013-09-01,-0.2997
2013-09-02/2013-09-08,0.20919999999999997
2013-09-09/2013-09-15,0.2294
2013-09-16/2013-09-22,0.5393
2013-09-23/2013-09-29,0.10763333333333332
2013-10-07/2013-10-13,-0.032866666666666676
2013-10-14/2013-10-20,0.5267
2013-10-21/2013-10-27,0.0936333333333333
2013-10-28/2013-11-03,0.5929666666666668
2013-11-11/2013-11-17,-0.5574
2013-11-18/2013-11-24,0.4167
2013-11-25/2013-12-01,0.21898
2013-12-02/2013-12-08,0.41212499999999996
2013-12-09/2013-12-15,0.3544
2013-12-16/2013-12-22,-0.2326666666666667
2013-12-23/2013-12-29,0.8286
2013-12-30/2014-01-05,0.125
2014-01-06/2014-01-12,0.2293333333333333
2014-01-13/2014-01-19,0.49274999999999997
2014-01-20/2014-01-26,0.07145000000000001
2014-01-27/2014-02-02,0.4215
2014-02-03/2014-02-09,0.4588
2014-02-10/2014-02-16,0.62505
2014-02-17/2014-02-23,0.48395
2014-02-24/2014-03-02,-0.3856
2014-03-10/2014-03-16,0.7003
2014-03-17/2014-03-23,0.49274999999999997
2014-03-24/2014-03-30,0.026119999999999987
2014-03-31/2014-04-06,0.48353999999999997
2014-04-07/2014-04-13,0.47409999999999997
2014-04-14/2014-04-20,0.0
2014-04-21/2014-04-27,-0.17470000000000002
2014-04-28/2014-05-04,0.07145000000000001
2014-05-05/2014-05-11,0.35461666666666664
2014-05-12/2014-05-18,0.4588
2014-05-19/2014-05-25,-0.032866666666666676
2014-06-02/2014-06-08,0.305375
2014-06-09/2014-06-15,0.44015
2014-06-16/2014-06-22,0.0
2014-06-23/2014-06-29,-0.07030000000000003
2014-06-30/2014-07-06,0.38835
2014-07-07/2014-07-13,-0.07030000000000003
2014-07-14/2014-07-20,0.7003
2014-07-21/2014-07-27,0.26596666666666663
2014-07-28/2014-08-03,0.39177999999999996
2014-08-04/2014-08-10,0.18492499999999998
2014-08-11/2014-08-17,-0.5574
2014-08-18/2014-08-24,0.7003
2014-09-01/2014-09-07,0.4588
2014-09-08/2014-09-14,0.07145000000000001
2014-09-22/2014-09-28,0.23548
2014-09-29/2014-10-05,0.33575
2014-10-06/2014-10-12,0.5267
2014-10-13/2014-10-19,0.496925
2014-10-20/2014-10-26,-0.2326666666666667
2014-10-27/2014-11-02,0.25
2014-11-03/2014-11-09,0.4215
2014-11-10/2014-11-16,0.4588
2014-11-17/2014-11-23,0.44472500000000004
2014-11-24/2014-11-30,-0.21003333333333338
2014-12-01/2014-12-07,0.423575
2014-12-08/2014-12-14,0.8286
2014-12-15/2014-12-21,0.04763333333333334
2014-12-22/2014-12-28,-0.08895000000000003
2014-12-29/2015-01-04,0.4215
2015-01-05/2015-01-11,0.2294
2015-01-12/2015-01-18,0.07145000000000001
2015-01-19/2015-01-25,0.41183333333333333
2015-01-26/2015-02-01,0.11459999999999998
2015-02-02/2015-02-08,-0.2451
2015-02-09/2015-02-15,0.352275
2015-02-23/2015-03-01,0.6046999999999999
2015-03-02/2015-03-08,0.33575
2015-03-09/2015-03-15,-0.032866666666666676
2015-03-16/2015-03-22,0.7003
2015-03-23/2015-03-29,-0.03635000000000005
2015-03-30/2015-04-05,-0.04930000000000001
2015-04-06/2015-04-12,0.3544
2015-04-13/2015-04-19,0.8286
2015-04-20/2015-04-26,0.20981999999999998
2015-04-27/2015-05-03,0.4588
2015-05-04/2015-05-10,0.44636666666666663
2015-05-11/2015-05-17,0.20118
2015-05-18/2015-05-24,0.7003
2015-05-25/2015-05-31,-0.5574
2015-06-01/2015-06-07,0.17413333333333333
2015-06-08/2015-06-14,-0.5574
2015-06-15/2015-06-21,0.25
2015-06-22/2015-06-28,0.67765
2015-06-29/2015-07-05,0.09004999999999999
2015-07-06/2015-07-12,0.3863666666666667
2015-07-13/2015-07-19,0.5066999999999999
2015-07-27/2015-08-02,0.3544
2015-08-03/2015-08-09,0.30983333333333335
2015-08-10/2015-08-16,-0.2787
2015-08-17/2015-08-23,0.46645
2015-08-31/2015-09-06,-0.07030000000000003
2015-09-07/2015-09-13,0.496925
2015-09-14/2015-09-20,-0.06795000000000001
2015-09-28/2015-10-04,0.07309999999999998
2015-10-05/2015-10-11,0.4588
2015-10-12/2015-10-18,0.8286
2015-10-19/2015-10-25,0.15902499999999997
2015-10-26/2015-11-01,0.5609
2015-11-02/2015-11-08,0.6436999999999999
2015-11-09/2015-11-15,0.125
2015-11-16/2015-11-22,0.7003
2015-11-23/2015-11-29,0.20189999999999997
2015-11-30/2015-12-06,0.2821
2015-12-07/2015-12-13,0.42722499999999997
2015-12-14/2015-12-20,-0.5784
2015-12-28/2016-01-03,0.47515
2016-01-04/2016-01-10,0.10606666666666664
2016-01-11/2016-01-17,0.401325
2016-01-18/2016-01-24,0.4215
2016-02-01/2016-02-07,0.11459999999999998
2016-02-08/2016-02-14,0.46900000000000003
2016-02-15/2016-02-21,0.57955
2016-02-22/2016-02-28,-0.2787
2016-02-29/2016-03-06,0.25
2016-03-07/2016-03-13,0.31606666666666666
2016-03-14/2016-03-20,0.18656666666666666
2016-03-21/2016-03-27,-0.5574
2016-03-28/2016-04-03,0.67765
2016-04-04/2016-04-10,0.24623999999999996
2016-04-11/2016-04-17,-0.04930000000000001
2016-04-25/2016-05-01,0.4143
2016-05-02/2016-05-08,-0.07030000000000003
2016-05-09/2016-05-15,0.31995
2016-05-16/2016-05-22,0.4588
2016-05-23/2016-05-29,0.25
2016-05-30/2016-06-05,0.25
2016-06-06/2016-06-12,0.409
2016-06-13/2016-06-19,0.24333333333333332
2016-06-20/2016-06-26,0.44015
2016-06-27/2016-07-03,-0.5994
2016-07-04/2016-07-10,0.21075
2016-07-11/2016-07-17,-0.04930000000000001
2016-07-18/2016-07-24,0.38835
2016-07-25/2016-07-31,0.347075
2016-08-01/2016-08-07,0.4215
2016-08-08/2016-08-14,0.305375
2016-08-15/2016-08-21,0.361075
2016-08-22/2016-08-28,-0.5994
2016-09-05/2016-09-11,0.024033333333333313
2016-09-12/2016-09-18,0.09004999999999999
2016-09-19/2016-09-25,0.67765
2016-09-26/2016-10-02,0.5609
2016-10-03/2016-10-09,0.0
2016-10-10/2016-10-16,0.5619333333333333
2016-10-17/2016-10-23,-0.10940000000000001
2016-10-24/2016-10-30,0.3544
2016-10-31/2016-11-06,0.4215
2016-11-07/2016-11-13,-0.5994
2016-11-21/2016-11-27,0.21841666666666668
2016-11-28/2016-12-04,0.49274999999999997
2016-12-05/2016-12-11,0.21689999999999998
2016-12-12/2016-12-18,0.3167666666666667
2016-12-19/2016-12-25,0.49274999999999997
2016-12-26/2017-01-01,-0.5574
2017-01-02/2017-01-08,0.3767666666666667
2017-01-09/2017-01-15,-0.024233333333333367
2017-01-16/2017-01-22,0.57955
2017-01-23/2017-01-29,0.1356
2017-01-30/2017-02-05,-0.5994
2017-02-06/2017-02-12,0.57955
2017-02-13/2017-02-19,0.2934333333333333
2017-02-20/2017-02-26,0.38835
2017-02-27/2017-03-05,0.1356
2017-03-13/2017-03-19,0.8286
2017-03-20/2017-03-26,0.53615
2017-03-27/2017-04-02,-0.09706000000000001
2017-04-03/2017-04-09,0.25134
2017-04-10/2017-04-16,0.44015
2017-04-17/2017-04-23,0.050449999999999995
2017-04-24/2017-04-30,0.25
2017-05-01/2017-05-07,0.0
2017-05-08/2017-05-14,-0.21003333333333338
2017-05-15/2017-05-21,0.44636666666666663
2017-05-22/2017-05-28,0.5929666666666668
2017-05-29/2017-06-04,0.7003
2017-06-05/2017-06-11,0.5351
2017-06-12/2017-06-18,0.0936333333333333
2017-06-19/2017-06-25,0.2294
2017-06-26/2017-07-02,-0.5574
2017-07-03/2017-07-09,0.21151999999999999
2017-07-10/2017-07-16,0.4588
2017-07-17/2017-07-23,0.0904
2017-07-24/2017-07-30,0.7003
2017-07-31/2017-08-06,0.62505
2017-08-07/2017-08-13,0.4697
2017-08-14/2017-08-20,-0.2997
2017-08-21/2017-08-27,0.14269999999999997
2017-09-04/2017-09-10,0.4588
2017-09-11/2017-09-17,0.4588
2017-09-18/2017-09-24,0.11975999999999998
2017-09-25/2017-10-01,0.32383333333333336
2017-10-09/2017-10-15,-0.15216666666666667
2017-10-23/2017-10-29,0.4142666666666666
2017-10-30/2017-11-05,0.2453
2017-11-06/2017-11-12,0.5267
2017-11-13/2017-11-19,-0.1537
2017-11-20/2017-11-26,0.4588
2017-11-27/2017-12-03,0.5609
2017-12-04/2017-12-10,0.2293333333333333
2017-12-11/2017-12-17,0.125
2017-12-18/2017-12-24,0.49274999999999997
2017-12-25/2017-12-31,-0.5574
2018-01-01/2018-01-07,0.47409999999999997
2018-01-08/2018-01-14,0.125
2018-01-15/2018-01-21,0.0005749999999999922
2018-01-29/2018-02-04,0.6046999999999999
2018-02-05/2018-02-11,0.0
2018-02-19/2018-02-25,0.2816666666666667
2018-02-26/2018-03-04,-0.5574
2018-03-05/2018-03-11,0.47515
2018-03-19/2018-03-25,0.33469999999999994
2018-03-26/2018-04-01,-0.06795000000000001
2018-04-02/2018-04-08,0.6436999999999999
2018-04-09/2018-04-15,-0.5574
2018-04-16/2018-04-22,0.018024999999999985
2018-04-23/2018-04-29,0.7003
2018-04-30/2018-05-06,-0.03426000000000003
2018-05-07/2018-05-13,0.5736
2018-05-28/2018-06-03,0.34223333333333333
2018-06-04/2018-06-10,0.5820666666666666
2018-06-11/2018-06-17,-0.04530000000000001
2018-06-18/2018-06-24,0.7003
2018-06-25/2018-07-01,-0.03635000000000005
2018-07-02/2018-07-08,-0.04930000000000001
2018-07-09/2018-07-15,0.8286
2018-07-16/2018-07-22,0.27159999999999995
2018-07-23/2018-07-29,0.125
2018-07-30/2018-08-05,0.4215
2018-08-06/2018-08-12,0.13272499999999998
2018-08-13/2018-08-19,0.50288
2018-08-27/2018-09-02,-0.5574
2018-09-10/2018-09-16,0.2359
2018-09-17/2018-09-23,0.21239999999999998
2018-09-24/2018-09-30,0.4588
2018-10-01/2018-10-07,0.20056666666666667
2018-10-08/2018-10-14,0.4588
2018-10-15/2018-10-21,0.67765
2018-10-22/2018-10-28,0.33575
2018-10-29/2018-11-04,-0.2997
2018-11-05/2018-11-11,0.3863666666666667
2018-11-12/2018-11-18,-0.5574
2018-11-19/2018-11-25,0.49274999999999997
2018-11-26/2018-12-02,0.225175
2018-12-03/2018-12-09,0.07309999999999998
2018-12-10/2018-12-16,0.4588
2018-12-17/2018-12-23,0.050449999999999995
2018-12-24/2018-12-30,0.21075
2018-12-31/2019-01-06,0.4588
2019-01-07/2019-01-13,0.4215
2019-01-14/2019-01-20,-0.024233333333333367
2019-01-21/2019-01-27,0.47515
2019-01-28/2019-02-03,0.1356
2019-02-04/2019-02-10,0.20056666666666667
2019-02-18/2019-02-24,0.28548
2019-02-25/2019-03-03,0.2294
2019-03-04/2019-03-10,0.5267
2019-03-11/2019-03-17,0.44015
2019-03-18/2019-03-24,0.17034
2019-03-25/2019-03-31,0.11459999999999998
2019-04-01/2019-04-07,0.2803
2019-04-08/2019-04-14,0.0
2019-04-15/2019-04-21,0.6134999999999999
2019-04-29/2019-05-05,0.4588
2019-05-06/2019-05-12,0.22319999999999998
2019-05-13/2019-05-19,0.21689999999999998
2019-05-20/2019-05-26,0.3544
2019-05-27/2019-06-02,0.0
2019-06-03/2019-06-09,0.5268666666666667
2019-06-10/2019-06-16,-0.07030000000000003
2019-06-17/2019-06-23,0.26197499999999996
2019-06-24/2019-06-30,0.0
2019-07-01/2019-07-07,0.5267
2019-07-08/2019-07-14,0.028524999999999995
2019-07-15/2019-07-21,0.050449999999999995
2019-07-22/2019-07-28,0.4588
2019-07-29/2019-08-04,0.6436999999999999
2019-08-05/2019-08-11,0.4588
2019-08-12/2019-08-18,0.25
2019-08-19/2019-08-25,0.20919999999999997
2019-08-26/2019-09-01,0.2303
2019-09-02/2019-09-08,0.6436999999999999
2019-09-09/2019-09-15,0.059099999999999965
2019-09-16/2019-09-22,0.10763333333333332
2019-09-23/2019-09-29,0.0
2019-09-30/2019-10-06,0.050449999999999995
2019-10-14/2019-10-20,-0.5574
2019-10-21/2019-10-27,0.48395
2019-10-28/2019-11-03,0.5075000000000001
2019-11-11/2019-11-17,-0.5574
2019-11-18/2019-11-24,0.050449999999999995
2019-11-25/2019-12-01,0.31782
2019-12-02/2019-12-08,0.13562
2019-12-16/2019-12-22,0.4588
2019-12-23/2019-12-29,0.17413333333333333
2019-12-30/2020-01-05,0.8286
2020-01-20/2020-01-26,0.16618
2020-01-27/2020-02-02,0.33140000000000003
2020-02-03/2020-02-09,0.4588
2020-02-10/2020-02-16,0.35015
2020-02-17/2020-02-23,0.008279999999999977
2020-02-24/2020-03-01,0.6436999999999999
2020-03-02/2020-03-08,0.5696333333333333
2020-03-09/2020-03-15,0.22973333333333334
2020-03-16/2020-03-22,-0.5994
2020-04-06/2020-04-12,0.25
2020-04-13/2020-04-19,0.67765
2020-04-20/2020-04-26,0.03363333333333333
2020-04-27/2020-05-03,0.20475
2020-05-04/2020-05-10,0.3863666666666667
2020-05-11/2020-05-17,0.4215
2020-05-18/2020-05-24,-0.10940000000000001
2020-05-25/2020-05-31,0.38835
2020-06-01/2020-06-07,-0.04930000000000001
2020-06-08/2020-06-14,0.24294
2020-06-15/2020-06-21,0.5609
2020-06-22/2020-06-28,0.25
2020-07-06/2020-07-12,0.32849999999999996
2020-07-13/2020-07-19,0.5393
2020-07-20/2020-07-26,0.2558
2020-07-27/2020-08-02,-0.5994
2020-08-10/2020-08-16,0.6046999999999999
2020-08-17/2020-08-23,0.0005749999999999922
2020-08-24/2020-08-30,0.22383333333333333
2020-08-31/2020-09-06,0.5267
2020-09-07/2020-09-13,0.62505
2020-09-14/2020-09-20,-0.1537
2020-09-21/2020-09-27,0.35015
2020-09-28/2020-10-04,-0.056240000000000026
2020-10-05/2020-10-11,0.47409999999999997
2020-10-12/2020-10-18,0.37782
2020-10-26/2020-11-01,0.25
2020-11-02/2020-11-08,0.2934333333333333
2020-11-09/2020-11-15,-0.10940000000000001
2020-11-16/2020-11-22,0.5619333333333333
2020-11-30/2020-12-06,0.125
2020-12-07/2020-12-13,-0.04930000000000001
2020-12-14/2020-12-20,0.516025
2020-12-21/2020-12-27,0.4215
2020-12-28/2021-01-03,0.050449999999999995
2021-01-04/2021-01-10,0.25131666666666663
2021-01-18/2021-01-24,0.8286
2021-01-25/2021-01-31,0.05046666666666666
2021-02-01/2021-02-07,0.11459999999999998
2021-02-08/2021-02-14,0.195425
2021-02-15/2021-02-21,0.38835
2021-02-22/2021-02-28,0.35015
2021-03-01/2021-03-07,0.6436999999999999
2021-03-08/2021-03-14,0.143225
2021-03-15/2021-03-21,0.5267
2021-03-22/2021-03-28,0.35015
2021-03-29/2021-04-04,-0.2451
2021-04-05/2021-04-11,0.3863666666666667
2021-04-12/2021-04-18,0.251475
2021-04-26/2021-05-02,0.4588
2021-05-03/2021-05-09,0.8286
2021-05-10/2021-05-16,0.4215
2021-05-17/2021-05-23,0.07145000000000001
2021-05-24/2021-05-30,0.18248333333333333
2021-06-07/2021-06-13,0.4588
2021-06-14/2021-06-20,0.0005749999999999922
2021-06-28/2021-07-04,0.40535999999999994
2021-07-12/2021-07-18,0.25
2021-07-26/2021-08-01,0.19013333333333332
2021-08-02/2021-08-08,0.08336666666666664
2021-08-16/2021-08-22,0.4588
2021-08-23/2021-08-29,0.7003
2021-09-06/2021-09-12,0.4215
2021-09-20/2021-09-26,0.18656666666666666
2021-09-27/2021-10-03,0.25111666666666665
2021-10-04/2021-10-10,0.8286
2021-10-11/2021-10-17,0.5268666666666667
2021-10-18/2021-10-24,0.14269999999999997
2021-10-25/2021-10-31,0.125
2021-11-01/2021-11-07,0.050449999999999995
2021-11-15/2021-11-21,-0.05930000000000002
2021-11-22/2021-11-28,0.28776
2021-11-29/2021-12-05,0.7003
2021-12-06/2021-12-12,-0.00441666666666668
2021-12-13/2021-12-19,0.8286
2021-12-20/2021-12-26,0.49274999999999997
2022-01-03/2022-01-09,0.4215
2022-01-10/2022-01-16,0.093025
2022-01-17/2022-01-23,0.2294
2022-01-24/2022-01-30,0.41183333333333333
2022-01-31/2022-02-06,-0.07030000000000003
2022-02-07/2022-02-13,0.098225
2022-02-14/2022-02-20,0.5589
2022-02-28/2022-03-06,0.2934333333333333
2022-03-07/2022-03-13,0.4923333333333333
2022-03-14/2022-03-20,-0.5994
2022-03-21/2022-03-27,0.4588
2022-03-28/2022-04-03,0.235675
2022-04-04/2022-04-10,0.5619333333333333
2022-04-18/2022-04-24,-0.5784
2022-04-25/2022-05-01,0.4291333333333333
2022-05-02/2022-05-08,-0.04930000000000001
2022-05-09/2022-05-15,0.47515
2022-05-16/2022-05-22,0.35175
2022-05-23/2022-05-29,0.8286
2022-05-30/2022-06-05,-0.5994
2022-06-06/2022-06-12,0.4167
2022-06-13/2022-06-19,0.7003
2022-06-20/2022-06-26,0.14269999999999997
2022-06-27/2022-07-03,0.027349999999999985
2022-07-04/2022-07-10,0.6046999999999999
2022-07-11/2022-07-17,0.4215
2022-07-18/2022-07-24,0.25
2022-07-25/2022-07-31,0.07145000000000001
2022-08-01/2022-08-07,-0.04930000000000001
2022-08-08/2022-08-14,0.5594250000000001
2022-08-22/2022-08-28,0.4215
2022-08-29/2022-09-04,0.059233333333333305
2022-09-05/2022-09-11,0.57955
2022-09-19/2022-09-25,-0.5994
2022-09-26/2022-10-02,0.39177999999999996
2022-10-03/2022-10-09,-0.5784
2022-10-10/2022-10-16,0.44015
2022-10-17/2022-10-23,0.6852
2022-10-24/2022-10-30,0.23626666666666665
2022-11-07/2022-11-13,-0.04930000000000001
2022-11-14/2022-11-20,0.36405
2022-11-21/2022-11-27,0.282575
2022-12-05/2022-12-11,0.24878999999999998
2023-01-02/2023-01-08,0.4588
2023-01-16/2023-01-22,0.47515
2023-01-23/2023-01-29,0.13145999999999997
2023-01-30/2023-02-05,0.13272499999999998
2023-02-13/2023-02-19,0.6286
2023-02-20/2023-02-26,-0.04530000000000001
2023-02-27/2023-03-05,0.6436999999999999
2023-03-06/2023-03-12,0.38716
2023-03-13/2023-03-19,-0.06795000000000001
2023-03-20/2023-03-26,-0.5994
2023-04-03/2023-04-09,0.36083333333333334
2023-04-10/2023-04-16,-0.04930000000000001
2023-04-17/2023-04-23,0.21075
2023-05-01/2023-05-07,0.62505
2023-05-08/2023-05-14,0.0
2023-05-15/2023-05-21,-0.5574
2023-05-22/2023-05-28,0.03646666666666665
2023-05-29/2023-06-04,0.5619333333333333
